"RelativePath","AssetRoot","Extension","SourceBytes","OfficialArchive","OfficialBytes","Content"
"Icons\a\Tx_Daedric_boots.dds","Icons",".dds","22000","Morrowind.bsa","1472","Different"
"Icons\a\Tx_Daedric_cuirass.dds","Icons",".dds","22000","Morrowind.bsa","1472","Different"
"Icons\a\Tx_Daedric_gauntlet.dds","Icons",".dds","87536","Morrowind.bsa","1472","Different"
"Icons\a\Tx_Daedric_greaves.dds","Icons",".dds","22000","Morrowind.bsa","1472","Different"
"Icons\a\Tx_Daedric_pauldron.dds","Icons",".dds","87536","Morrowind.bsa","1472","Different"
"Icons\a\Tx_DarkBrotherhood_boot.dds","Icons",".dds","22000","Tribunal.bsa","1152","Different"
"Icons\a\Tx_DarkBrotherhood_cuir.dds","Icons",".dds","22000","Tribunal.bsa","1152","Different"
"Icons\a\Tx_DarkBrotherhood_Gaunt.dds","Icons",".dds","22000","Tribunal.bsa","1152","Different"
"Icons\a\Tx_DarkBrotherhood_greav.dds","Icons",".dds","22000","Tribunal.bsa","1152","Different"
"Icons\a\TX_Dwemer_bracer.dds","Icons",".dds","22000","Morrowind.bsa","1472","Different"
"Icons\a\TX_Orcish_boots.dds","Icons",".dds","22000","Morrowind.bsa","1472","Different"
"Icons\a\TX_Orcish_cuirass.dds","Icons",".dds","22000","Morrowind.bsa","1472","Different"
"Icons\a\TX_Orcish_greaves.dds","Icons",".dds","22000","Morrowind.bsa","1472","Different"
"Icons\a\TX_Orcish_helmet.dds","Icons",".dds","22000","Morrowind.bsa","1472","Different"
"Icons\a\TX_Orcish_pauldron.dds","Icons",".dds","22000","Morrowind.bsa","1472","Different"
"Icons\gold.dds","Icons",".dds","22000","Morrowind.bsa","448","Different"
"Icons\k\Attribute_Agility.dds","Icons",".dds","11064","Morrowind.bsa","800","Different"
"Icons\k\Attribute_Endurance.dds","Icons",".dds","11064","Morrowind.bsa","800","Different"
"Icons\k\Attribute_Int.dds","Icons",".dds","11064","Morrowind.bsa","800","Different"
"Icons\k\Attribute_Luck.dds","Icons",".dds","11064","Morrowind.bsa","800","Different"
"Icons\k\Attribute_Personality.dds","Icons",".dds","11064","Morrowind.bsa","800","Different"
"Icons\k\Attribute_Speed.dds","Icons",".dds","11064","Morrowind.bsa","800","Different"
"Icons\k\Attribute_Strength.dds","Icons",".dds","11064","Morrowind.bsa","800","Different"
"Icons\k\Attribute_Wilpower.dds","Icons",".dds","11064","Morrowind.bsa","800","Different"
"Icons\k\Combat_Armor.dds","Icons",".dds","11064","Morrowind.bsa","800","Different"
"Icons\k\Combat_Athletics.dds","Icons",".dds","11064","Morrowind.bsa","800","Different"
"Icons\k\Combat_Axe.dds","Icons",".dds","11064","Morrowind.bsa","800","Different"
"Icons\k\Combat_Block.dds","Icons",".dds","11064","Morrowind.bsa","800","Different"
"Icons\k\Combat_Blunt.dds","Icons",".dds","11064","Morrowind.bsa","800","Different"
"Icons\k\Combat_HeavyArmor.dds","Icons",".dds","11064","Morrowind.bsa","800","Different"
"Icons\k\Combat_LongBlade.dds","Icons",".dds","11064","Morrowind.bsa","800","Different"
"Icons\k\Combat_MediumArmor.dds","Icons",".dds","11064","Morrowind.bsa","800","Different"
"Icons\k\Combat_Spear.dds","Icons",".dds","11064","Morrowind.bsa","800","Different"
"Icons\k\Fatigue.dds","Icons",".dds","11064","Morrowind.bsa","800","Different"
"Icons\k\Health.dds","Icons",".dds","11064","Morrowind.bsa","800","Different"
"Icons\k\Magic_Alchemy.dds","Icons",".dds","11064","Morrowind.bsa","800","Different"
"Icons\k\Magic_Alteration.dds","Icons",".dds","11064","Morrowind.bsa","800","Different"
"Icons\k\Magic_Conjuration.dds","Icons",".dds","11064","Morrowind.bsa","800","Different"
"Icons\k\Magic_Destruction.dds","Icons",".dds","11064","Morrowind.bsa","800","Different"
"Icons\k\Magic_Enchant.dds","Icons",".dds","11064","Morrowind.bsa","800","Different"
"Icons\k\Magic_Illusion.dds","Icons",".dds","11064","Morrowind.bsa","800","Different"
"Icons\k\Magic_Mysticism.dds","Icons",".dds","11064","Morrowind.bsa","800","Different"
"Icons\k\Magic_Restoration.dds","Icons",".dds","11064","Morrowind.bsa","800","Different"
"Icons\k\Magic_Unarmored.dds","Icons",".dds","11064","Morrowind.bsa","800","Different"
"Icons\k\Magicka.dds","Icons",".dds","11064","Morrowind.bsa","800","Different"
"Icons\k\Stealth_Acrobatics.dds","Icons",".dds","11064","Morrowind.bsa","800","Different"
"Icons\k\Stealth_HandToHand.dds","Icons",".dds","11064","Morrowind.bsa","800","Different"
"Icons\k\Stealth_LightArmor.dds","Icons",".dds","11064","Morrowind.bsa","800","Different"
"Icons\k\Stealth_Marksman.dds","Icons",".dds","11064","Morrowind.bsa","800","Different"
"Icons\k\Stealth_Mercantile.dds","Icons",".dds","11064","Morrowind.bsa","800","Different"
"Icons\k\Stealth_Security.dds","Icons",".dds","11064","Morrowind.bsa","800","Different"
"Icons\k\Stealth_ShortBlade.dds","Icons",".dds","11064","Morrowind.bsa","800","Different"
"Icons\k\Stealth_Sneak.dds","Icons",".dds","11064","Morrowind.bsa","800","Different"
"Icons\k\Stealth_Speechcraft.dds","Icons",".dds","11064","Morrowind.bsa","800","Different"
"Icons\m\misc_dwrv_Ark_cube00.dds","Icons",".dds","22000","Morrowind.bsa","1472","Different"
"Icons\m\misc_dwrv_artifact00.dds","Icons",".dds","22000","Morrowind.bsa","1472","Different"
"Icons\m\Tx_key_standard_01.dds","Icons",".dds","22000","Morrowind.bsa","1472","Different"
"Icons\m\tx_potion_bargain_01.dds","Icons",".dds","22000","Morrowind.bsa","1472","Different"
"Icons\m\tx_potion_cheap_01.dds","Icons",".dds","22000","Morrowind.bsa","1472","Different"
"Icons\m\tx_potion_exclusive_01.dds","Icons",".dds","22000","Morrowind.bsa","1472","Different"
"Icons\m\tx_potion_fresh_01.dds","Icons",".dds","22000","Morrowind.bsa","1472","Different"
"Icons\m\tx_potion_quality_01.dds","Icons",".dds","22000","Morrowind.bsa","1472","Different"
"Icons\m\tx_potion_standard_01.dds","Icons",".dds","22000","Morrowind.bsa","1472","Different"
"Icons\m\Tx_soulgem_Common.dds","Icons",".dds","22000","Morrowind.bsa","1472","Different"
"Icons\m\Tx_soulgem_Grand.dds","Icons",".dds","22000","Morrowind.bsa","1472","Different"
"Icons\m\Tx_soulgem_Greater.dds","Icons",".dds","22000","Morrowind.bsa","1472","Different"
"Icons\m\Tx_soulgem_Lesser.dds","Icons",".dds","22000","Morrowind.bsa","1472","Different"
"Icons\m\Tx_soulgem_Petty.dds","Icons",".dds","22000","Morrowind.bsa","1472","Different"
"Icons\s\B_Tx_S_Ab_Attrib.dds","Icons",".dds","11064","Morrowind.bsa","800","Different"
"Icons\s\B_Tx_S_Ab_Fati.dds","Icons",".dds","11064","Morrowind.bsa","800","Different"
"Icons\s\B_Tx_S_Ab_Health.dds","Icons",".dds","11064","Morrowind.bsa","800","Different"
"Icons\s\B_Tx_S_Ab_Magic.dds","Icons",".dds","11064","Morrowind.bsa","800","Different"
"Icons\s\B_Tx_S_Ab_Skill.dds","Icons",".dds","11064","Morrowind.bsa","800","Different"
"Icons\s\B_Tx_S_Alm_Intervt.dds","Icons",".dds","11064","Morrowind.bsa","800","Different"
"Icons\s\B_Tx_S_Bd_BattleAxe.dds","Icons",".dds","11064","Morrowind.bsa","800","Different"
"Icons\s\B_Tx_S_Bd_Boots.dds","Icons",".dds","11064","Morrowind.bsa","800","Different"
"Icons\s\B_Tx_S_Bd_Cuirass.dds","Icons",".dds","11064","Morrowind.bsa","800","Different"
"Icons\s\B_Tx_S_Bd_Dagger.dds","Icons",".dds","11064","Morrowind.bsa","800","Different"
"Icons\s\B_Tx_S_Bd_Gloves.dds","Icons",".dds","11064","Morrowind.bsa","800","Different"
"Icons\s\B_Tx_S_Bd_Helm.dds","Icons",".dds","11064","Morrowind.bsa","800","Different"
"Icons\s\B_Tx_S_Bd_Lngbow.dds","Icons",".dds","11064","Morrowind.bsa","800","Different"
"Icons\s\B_Tx_S_Bd_LngSwd.dds","Icons",".dds","11064","Morrowind.bsa","800","Different"
"Icons\s\B_Tx_S_Bd_Mace.dds","Icons",".dds","11064","Morrowind.bsa","800","Different"
"Icons\s\B_Tx_S_Bd_Shield.dds","Icons",".dds","11064","Morrowind.bsa","800","Different"
"Icons\s\B_Tx_S_Bd_Spear.dds","Icons",".dds","11064","Morrowind.bsa","800","Different"
"Icons\s\B_Tx_S_Blind.dds","Icons",".dds","11064","Morrowind.bsa","800","Different"
"Icons\s\B_Tx_S_burden.dds","Icons",".dds","11064","Morrowind.bsa","800","Different"
"Icons\s\B_Tx_S_chameleon.dds","Icons",".dds","11064","Morrowind.bsa","800","Different"
"Icons\s\B_Tx_S_charm.dds","Icons",".dds","11064","Morrowind.bsa","800","Different"
"Icons\s\B_Tx_S_Cm_Crture.dds","Icons",".dds","11064","Morrowind.bsa","800","Different"
"Icons\s\B_Tx_S_Cm_Hunoid.dds","Icons",".dds","11064","Morrowind.bsa","800","Different"
"Icons\s\B_Tx_S_Cmd_Crture.dds","Icons",".dds","11064","Morrowind.bsa","800","Different"
"Icons\s\B_Tx_S_Cmd_Hunoid.dds","Icons",".dds","11064","Morrowind.bsa","800","Different"
"Icons\s\B_Tx_S_corprus.dds","Icons",".dds","11064","Morrowind.bsa","800","Different"
"Icons\s\B_Tx_S_Cure_BghtDise.dds","Icons",".dds","11064","Morrowind.bsa","800","Different"
"Icons\s\B_Tx_S_Cure_ComDise.dds","Icons",".dds","11064","Morrowind.bsa","800","Different"
"Icons\s\B_Tx_S_Cure_Corpus.dds","Icons",".dds","11064","Morrowind.bsa","800","Different"
"Icons\s\B_Tx_S_Cure_Paralyse.dds","Icons",".dds","11064","Morrowind.bsa","800","Different"
"Icons\s\B_Tx_S_Cure_Poision.dds","Icons",".dds","11064","Morrowind.bsa","800","Different"
"Icons\s\B_Tx_S_Demorl_Crture.dds","Icons",".dds","11064","Morrowind.bsa","800","Different"
"Icons\s\B_Tx_S_Demorl_Hunoid.dds","Icons",".dds","11064","Morrowind.bsa","800","Different"
"Icons\s\B_Tx_S_Detect_Animal.dds","Icons",".dds","11064","Morrowind.bsa","800","Different"
"Icons\s\B_Tx_S_Detect_Enchtmt.dds","Icons",".dds","11064","Morrowind.bsa","800","Different"
"Icons\s\B_Tx_S_Detect_Key.dds","Icons",".dds","11064","Morrowind.bsa","800","Different"
"Icons\s\B_Tx_S_Disintgt_Armor.dds","Icons",".dds","11064","Morrowind.bsa","800","Different"
"Icons\s\B_Tx_S_Disintgt_Wpn.dds","Icons",".dds","11064","Morrowind.bsa","800","Different"
"Icons\s\B_Tx_S_dispel.dds","Icons",".dds","11064","Morrowind.bsa","800","Different"
"Icons\s\B_Tx_S_Divine_Intervt.dds","Icons",".dds","11064","Morrowind.bsa","800","Different"
"Icons\s\B_Tx_S_Dmg_Attrib.dds","Icons",".dds","11064","Morrowind.bsa","800","Different"
"Icons\s\B_Tx_S_Dmg_Fati.dds","Icons",".dds","11064","Morrowind.bsa","800","Different"
"Icons\s\B_Tx_S_Dmg_Health.dds","Icons",".dds","11064","Morrowind.bsa","800","Different"
"Icons\s\B_Tx_S_Dmg_Magic.dds","Icons",".dds","11064","Morrowind.bsa","800","Different"
"Icons\s\B_Tx_S_Dmg_Skill.dds","Icons",".dds","11064","Morrowind.bsa","800","Different"
"Icons\s\B_Tx_S_Drain_Attrib.dds","Icons",".dds","11064","Morrowind.bsa","800","Different"
"Icons\s\B_Tx_S_Drain_Fati.dds","Icons",".dds","11064","Morrowind.bsa","800","Different"
"Icons\s\B_Tx_S_Drain_Health.dds","Icons",".dds","11064","Morrowind.bsa","800","Different"
"Icons\s\B_Tx_S_Drain_Magic.dds","Icons",".dds","11064","Morrowind.bsa","800","Different"
"Icons\s\B_Tx_S_Drain_Skill.dds","Icons",".dds","11064","Morrowind.bsa","800","Different"
"Icons\s\B_Tx_S_feather.dds","Icons",".dds","11064","Morrowind.bsa","800","Different"
"Icons\s\B_Tx_S_fire_damage.dds","Icons",".dds","11064","Morrowind.bsa","800","Different"
"Icons\s\B_Tx_S_fire_dmg.dds","Icons",".dds","11064","Morrowind.bsa","800","Different"
"Icons\s\B_Tx_S_fire_shield.dds","Icons",".dds","11064","Morrowind.bsa","800","Different"
"Icons\s\B_Tx_S_frost_dmg.dds","Icons",".dds","11064","Morrowind.bsa","800","Different"
"Icons\s\B_Tx_S_frost_shield.dds","Icons",".dds","11064","Morrowind.bsa","800","Different"
"Icons\s\B_Tx_S_Frzy_Crture.dds","Icons",".dds","11064","Morrowind.bsa","800","Different"
"Icons\s\B_Tx_S_Frzy_Hunoid.dds","Icons",".dds","11064","Morrowind.bsa","800","Different"
"Icons\s\B_Tx_S_Ftfy_Attack.dds","Icons",".dds","11064","Morrowind.bsa","800","Different"
"Icons\s\B_Tx_S_Ftfy_Attrib.dds","Icons",".dds","11064","Morrowind.bsa","800","Different"
"Icons\s\B_Tx_S_Ftfy_Fati.dds","Icons",".dds","11064","Morrowind.bsa","800","Different"
"Icons\s\B_Tx_S_Ftfy_Health.dds","Icons",".dds","11064","Morrowind.bsa","800","Different"
"Icons\s\B_Tx_S_Ftfy_Magic.dds","Icons",".dds","11064","Morrowind.bsa","800","Different"
"Icons\s\B_Tx_S_Ftfy_MgcMtplr.dds","Icons",".dds","11064","Morrowind.bsa","800","Different"
"Icons\s\B_Tx_S_Ftfy_Skill.dds","Icons",".dds","11064","Morrowind.bsa","800","Different"
"Icons\s\B_Tx_S_invisible.dds","Icons",".dds","11064","Morrowind.bsa","800","Different"
"Icons\s\B_Tx_S_jump.dds","Icons",".dds","11064","Morrowind.bsa","800","Different"
"Icons\s\B_Tx_S_levitate.dds","Icons",".dds","11064","Morrowind.bsa","800","Different"
"Icons\s\B_Tx_S_light.dds","Icons",".dds","11064","Morrowind.bsa","800","Different"
"Icons\s\B_Tx_S_light_shield.dds","Icons",".dds","11064","Morrowind.bsa","800","Different"
"Icons\s\B_Tx_S_lock.dds","Icons",".dds","11064","Morrowind.bsa","800","Different"
"Icons\s\B_Tx_S_mark.dds","Icons",".dds","11064","Morrowind.bsa","800","Different"
"Icons\s\B_Tx_S_night_eye.dds","Icons",".dds","11064","Morrowind.bsa","800","Different"
"Icons\s\B_Tx_S_nighteye.dds","Icons",".dds","11064","Morrowind.bsa","800","Different"
"Icons\s\B_Tx_S_open.dds","Icons",".dds","11064","Morrowind.bsa","800","Different"
"Icons\s\B_Tx_S_paralyse.dds","Icons",".dds","11064","Morrowind.bsa","800","Different"
"Icons\s\B_Tx_S_poison.dds","Icons",".dds","11064","Morrowind.bsa","800","Different"
"Icons\s\B_Tx_S_Recall.dds","Icons",".dds","11064","Morrowind.bsa","800","Different"
"Icons\s\B_Tx_S_reflect.dds","Icons",".dds","11064","Morrowind.bsa","800","Different"
"Icons\s\B_Tx_S_rem_curse.dds","Icons",".dds","11064","Morrowind.bsa","800","Different"
"Icons\s\B_Tx_S_remcurse.dds","Icons",".dds","11064","Morrowind.bsa","800","Different"
"Icons\s\B_Tx_S_Rlly_Crture.dds","Icons",".dds","11064","Morrowind.bsa","800","Different"
"Icons\s\B_Tx_S_Rlly_Hunoid.dds","Icons",".dds","11064","Morrowind.bsa","800","Different"
"Icons\s\B_Tx_S_Rst_BghtDise.dds","Icons",".dds","11064","Morrowind.bsa","800","Different"
"Icons\s\B_Tx_S_Rst_ComDise.dds","Icons",".dds","11064","Morrowind.bsa","800","Different"
"Icons\s\B_Tx_S_Rst_CpsDise.dds","Icons",".dds","11064","Morrowind.bsa","800","Different"
"Icons\s\B_Tx_S_Rst_Fire.dds","Icons",".dds","11064","Morrowind.bsa","800","Different"
"Icons\s\B_Tx_S_Rst_Frost.dds","Icons",".dds","11064","Morrowind.bsa","800","Different"
"Icons\s\B_Tx_S_Rst_Magic.dds","Icons",".dds","11064","Morrowind.bsa","800","Different"
"Icons\s\B_Tx_S_Rst_NmlWpn.dds","Icons",".dds","11064","Morrowind.bsa","800","Different"
"Icons\s\B_Tx_S_Rst_Plysis.dds","Icons",".dds","11064","Morrowind.bsa","800","Different"
"Icons\s\B_Tx_S_Rst_Poison.dds","Icons",".dds","11064","Morrowind.bsa","800","Different"
"Icons\s\B_Tx_S_Rst_Shock.dds","Icons",".dds","11064","Morrowind.bsa","800","Different"
"Icons\s\B_Tx_S_Rstor_Attrib.dds","Icons",".dds","11064","Morrowind.bsa","800","Different"
"Icons\s\B_Tx_S_Rstor_Fatigue.dds","Icons",".dds","11064","Morrowind.bsa","800","Different"
"Icons\s\B_Tx_S_Rstor_Health.dds","Icons",".dds","11064","Morrowind.bsa","800","Different"
"Icons\s\B_Tx_S_Rstor_Magic.dds","Icons",".dds","11064","Morrowind.bsa","800","Different"
"Icons\s\B_Tx_S_Rstor_Skill.dds","Icons",".dds","11064","Morrowind.bsa","800","Different"
"Icons\s\B_Tx_S_sanctuary.dds","Icons",".dds","11064","Morrowind.bsa","800","Different"
"Icons\s\B_Tx_S_shield.dds","Icons",".dds","11064","Morrowind.bsa","800","Different"
"Icons\s\B_Tx_S_shock_dmg.dds","Icons",".dds","11064","Morrowind.bsa","800","Different"
"Icons\s\B_Tx_S_silence.dds","Icons",".dds","11064","Morrowind.bsa","800","Different"
"Icons\s\B_Tx_S_slowfall.dds","Icons",".dds","11064","Morrowind.bsa","800","Different"
"Icons\s\B_Tx_S_Smmn_AnctlGht.dds","Icons",".dds","11064","Morrowind.bsa","800","Different"
"Icons\s\B_Tx_S_Smmn_Bear.dds","Icons",".dds","11064","Bloodmoon.bsa","1152","Different"
"Icons\s\B_Tx_S_Smmn_Bnlord.dds","Icons",".dds","11064","Morrowind.bsa","800","Different"
"Icons\s\B_Tx_S_Smmn_Bonewolf.dds","Icons",".dds","11064","Bloodmoon.bsa","1152","Different"
"Icons\s\B_Tx_S_Smmn_Clnfear.dds","Icons",".dds","11064","Morrowind.bsa","800","Different"
"Icons\s\B_Tx_S_Smmn_Daedth.dds","Icons",".dds","11064","Morrowind.bsa","800","Different"
"Icons\s\B_Tx_S_Smmn_Drmora.dds","Icons",".dds","11064","Morrowind.bsa","800","Different"
"Icons\s\B_Tx_S_Smmn_Fabrict.dds","Icons",".dds","11064","Tribunal.bsa","824","Different"
"Icons\s\B_Tx_S_Smmn_FlmAtrnh.dds","Icons",".dds","11064","Morrowind.bsa","800","Different"
"Icons\s\B_Tx_S_Smmn_FrstAtrnh.dds","Icons",".dds","11064","Morrowind.bsa","800","Different"
"Icons\s\B_Tx_S_Smmn_GldSaint.dds","Icons",".dds","11064","Morrowind.bsa","800","Different"
"Icons\s\B_Tx_S_Smmn_GrtrBnwlkr.dds","Icons",".dds","11064","Morrowind.bsa","800","Different"
"Icons\s\B_Tx_S_Smmn_Hunger.dds","Icons",".dds","11064","Morrowind.bsa","800","Different"
"Icons\s\B_Tx_S_Smmn_LstBnwlkr.dds","Icons",".dds","11064","Morrowind.bsa","800","Different"
"Icons\s\B_Tx_S_Smmn_Scamp.dds","Icons",".dds","11064","Morrowind.bsa","800","Different"
"Icons\s\B_Tx_S_Smmn_SkltlMnn.dds","Icons",".dds","11064","Morrowind.bsa","800","Different"
"Icons\s\B_Tx_S_Smmn_StmAtnh.dds","Icons",".dds","11064","Morrowind.bsa","800","Different"
"Icons\s\B_Tx_S_Smmn_WngTwlght.dds","Icons",".dds","11064","Morrowind.bsa","800","Different"
"Icons\s\B_Tx_S_Smmn_Wolf.dds","Icons",".dds","11064","Bloodmoon.bsa","1152","Different"
"Icons\s\B_Tx_S_soultrap.dds","Icons",".dds","11064","Morrowind.bsa","800","Different"
"Icons\s\B_Tx_S_sound.dds","Icons",".dds","11064","Morrowind.bsa","800","Different"
"Icons\s\B_Tx_S_spll_absb.dds","Icons",".dds","11064","Morrowind.bsa","800","Different"
"Icons\s\B_Tx_S_sun_dmg.dds","Icons",".dds","11064","Morrowind.bsa","800","Different"
"Icons\s\B_Tx_S_swiftswim.dds","Icons",".dds","11064","Morrowind.bsa","800","Different"
"Icons\s\B_Tx_S_telekinesis.dds","Icons",".dds","11064","Morrowind.bsa","800","Different"
"Icons\s\B_Tx_S_turn_undead.dds","Icons",".dds","11064","Morrowind.bsa","800","Different"
"Icons\s\B_Tx_S_vampire.dds","Icons",".dds","11064","Morrowind.bsa","800","Different"
"Icons\s\B_Tx_S_water_breath.dds","Icons",".dds","11064","Morrowind.bsa","800","Different"
"Icons\s\B_Tx_S_water_walk.dds","Icons",".dds","11064","Morrowind.bsa","800","Different"
"Textures\tx_sotha sil_var1.dds","Textures",".dds","174904","Tribunal.bsa","174904","Identical"
"Textures\tx_w_crystal_blade.dds","Textures",".dds","43856","Morrowind.bsa","5568","Different"
"Textures\tx_w_crystal_guard.dds","Textures",".dds","349680","Morrowind.bsa","2848","Different"
"Textures\tx_w_crystal_quillion.dds","Textures",".dds","5568","Morrowind.bsa","5568","Identical"
"Textures\tx_w_ebony_edging.dds","Textures",".dds","768","Morrowind.bsa","768","Identical"
"Textures\tx_w_silversword_bladebase.dds","Textures",".dds","5568","Morrowind.bsa","5568","Identical"
"Textures\tx_water_enviro00.dds","Textures",".dds","43808","Morrowind.bsa","43808","Identical"
"Textures\tx_yagram_face_02.dds","Textures",".dds","21992","Morrowind.bsa","21952","Different"
"Textures\tx_yagram_skin_00a.dds","Textures",".dds","43808","Morrowind.bsa","43808","Different"
"Textures\tx_yagram_skin_03.dds","Textures",".dds","43808","Morrowind.bsa","43808","Different"
"Textures\tx_yagram_skin_04.dds","Textures",".dds","43808","Morrowind.bsa","43808","Different"
"Textures\tx_yagram_skin_07.dds","Textures",".dds","43808","Morrowind.bsa","43808","Different"
"Textures\vfx_frostflare.dds","Textures",".dds","262272","Morrowind.bsa","5568","Different"
"Textures\vfx_frostflare02.dds","Textures",".dds","262272","Morrowind.bsa","5568","Different"
"Textures\vfx_greenalpha.dds","Textures",".dds","5568","Morrowind.bsa","5568","Identical"
"Textures\vfx_levitate.dds","Textures",".dds","262272","Morrowind.bsa","5568","Different"
"Textures\vfx_levitate01.dds","Textures",".dds","262272","Morrowind.bsa","5568","Different"
"Textures\vfx_levitate02.dds","Textures",".dds","262272","Morrowind.bsa","5568","Different"
"Textures\vfx_whitestar.dds","Textures",".dds","262272","Morrowind.bsa","5568","Different"
"Textures\vfx_whitestar02.dds","Textures",".dds","262272","Morrowind.bsa","5568","Different"
"Icons\s\B_Tx_S_WknsToBlghtDise.dds","Icons",".dds","11064","Morrowind.bsa","800","Different"
"Icons\s\B_Tx_S_WknsToComDise.dds","Icons",".dds","11064","Morrowind.bsa","800","Different"
"Icons\s\B_Tx_S_WknsToCpsDise.dds","Icons",".dds","11064","Morrowind.bsa","800","Different"
"Icons\s\B_Tx_S_WknsToFire.dds","Icons",".dds","11064","Morrowind.bsa","800","Different"
"Icons\s\B_Tx_S_WknsToFrost.dds","Icons",".dds","11064","Morrowind.bsa","800","Different"
"Icons\s\B_Tx_S_WknsToMagic.dds","Icons",".dds","11064","Morrowind.bsa","800","Different"
"Icons\s\B_Tx_S_WknsToNmlWpns.dds","Icons",".dds","11064","Morrowind.bsa","800","Different"
"Icons\s\B_Tx_S_WknsToPoison.dds","Icons",".dds","11064","Morrowind.bsa","800","Different"
"Icons\s\B_Tx_S_WknsToShock.dds","Icons",".dds","11064","Morrowind.bsa","800","Different"
"Icons\s\Tx_S_Ab_Attrib.dds","Icons",".dds","11064","Morrowind.bsa","288","Different"
"Icons\s\Tx_S_Ab_Fati.dds","Icons",".dds","11064","Morrowind.bsa","288","Different"
"Icons\s\Tx_S_Ab_Health.dds","Icons",".dds","11064","Morrowind.bsa","288","Different"
"Icons\s\Tx_S_Ab_Magic.dds","Icons",".dds","11064","Morrowind.bsa","288","Different"
"Icons\s\Tx_S_Ab_Skill.dds","Icons",".dds","11064","Morrowind.bsa","288","Different"
"Icons\s\Tx_S_Alm_Intervt.dds","Icons",".dds","11064","Morrowind.bsa","288","Different"
"Icons\s\Tx_S_Bd_BattleAxe.dds","Icons",".dds","11064","Morrowind.bsa","288","Different"
"Icons\s\Tx_S_Bd_Boots.dds","Icons",".dds","11064","Morrowind.bsa","288","Different"
"Icons\s\Tx_S_Bd_Cuirass.dds","Icons",".dds","11064","Morrowind.bsa","288","Different"
"Icons\s\Tx_S_Bd_Dagger.dds","Icons",".dds","11064","Morrowind.bsa","288","Different"
"Icons\s\Tx_S_Bd_Gloves.dds","Icons",".dds","11064","Morrowind.bsa","288","Different"
"Icons\s\Tx_S_Bd_Helm.dds","Icons",".dds","11064","Morrowind.bsa","288","Different"
"Icons\s\Tx_S_Bd_Lngbow.dds","Icons",".dds","11064","Morrowind.bsa","288","Different"
"Icons\s\Tx_S_Bd_LngSwd.dds","Icons",".dds","11064","Morrowind.bsa","288","Different"
"Icons\s\Tx_S_Bd_Mace.dds","Icons",".dds","11064","Morrowind.bsa","288","Different"
"Icons\s\Tx_S_Bd_Shield.dds","Icons",".dds","11064","Morrowind.bsa","288","Different"
"Icons\s\Tx_S_Bd_Spear.dds","Icons",".dds","11064","Morrowind.bsa","288","Different"
"Icons\s\Tx_S_Blind.dds","Icons",".dds","11064","Morrowind.bsa","288","Different"
"Icons\s\Tx_S_burden.dds","Icons",".dds","11064","Morrowind.bsa","288","Different"
"Icons\s\Tx_S_chameleon.dds","Icons",".dds","11064","Morrowind.bsa","288","Different"
"Icons\s\Tx_S_charm.dds","Icons",".dds","11064","Morrowind.bsa","288","Different"
"Icons\s\Tx_S_Cm_Crture.dds","Icons",".dds","11064","Morrowind.bsa","288","Different"
"Icons\s\Tx_S_Cm_Hunoid.dds","Icons",".dds","11064","Morrowind.bsa","288","Different"
"Icons\s\Tx_S_Cmd_Crture.dds","Icons",".dds","11064","Morrowind.bsa","288","Different"
"Icons\s\Tx_S_Cmd_Hunoid.dds","Icons",".dds","11064","Morrowind.bsa","288","Different"
"Icons\s\Tx_S_corprus.dds","Icons",".dds","11064","Morrowind.bsa","288","Different"
"Icons\s\Tx_S_Cure_BghtDise.dds","Icons",".dds","11064","Morrowind.bsa","288","Different"
"Icons\s\Tx_S_Cure_ComDise.dds","Icons",".dds","11064","Morrowind.bsa","288","Different"
"Icons\s\Tx_S_Cure_Corpus.dds","Icons",".dds","11064","Morrowind.bsa","288","Different"
"Icons\s\Tx_S_Cure_Paralyse.dds","Icons",".dds","11064","Morrowind.bsa","288","Different"
"Icons\s\Tx_S_Cure_Poision.dds","Icons",".dds","11064","Morrowind.bsa","288","Different"
"Icons\s\Tx_S_Demorl_Crture.dds","Icons",".dds","11064","Morrowind.bsa","288","Different"
"Icons\s\Tx_S_Demorl_Hunoid.dds","Icons",".dds","11064","Morrowind.bsa","288","Different"
"Icons\s\Tx_S_Detect_Animal.dds","Icons",".dds","11064","Morrowind.bsa","288","Different"
"Icons\s\Tx_S_Detect_Enchtmt.dds","Icons",".dds","11064","Morrowind.bsa","288","Different"
"Icons\s\Tx_S_Detect_Key.dds","Icons",".dds","11064","Morrowind.bsa","288","Different"
"Icons\s\Tx_S_Disintgt_Armor.dds","Icons",".dds","11064","Morrowind.bsa","288","Different"
"Icons\s\Tx_S_Disintgt_Wpn.dds","Icons",".dds","11064","Morrowind.bsa","288","Different"
"Icons\s\Tx_S_dispel.dds","Icons",".dds","11064","Morrowind.bsa","288","Different"
"Icons\s\Tx_S_Divine_Intervt.dds","Icons",".dds","11064","Morrowind.bsa","288","Different"
"Icons\s\Tx_S_Dmg_Attrib.dds","Icons",".dds","11064","Morrowind.bsa","288","Different"
"Icons\s\Tx_S_Dmg_Fati.dds","Icons",".dds","11064","Morrowind.bsa","288","Different"
"Icons\s\Tx_S_Dmg_Health.dds","Icons",".dds","11064","Morrowind.bsa","288","Different"
"Icons\s\Tx_S_Dmg_Magic.dds","Icons",".dds","11064","Morrowind.bsa","288","Different"
"Icons\s\Tx_S_Dmg_Skill.dds","Icons",".dds","11064","Morrowind.bsa","288","Different"
"Icons\s\Tx_S_Drain_Attrib.dds","Icons",".dds","11064","Morrowind.bsa","288","Different"
"Icons\s\Tx_S_Drain_Fati.dds","Icons",".dds","11064","Morrowind.bsa","288","Different"
"Icons\s\Tx_S_Drain_Health.dds","Icons",".dds","11064","Morrowind.bsa","288","Different"
"Icons\s\Tx_S_Drain_Magic.dds","Icons",".dds","11064","Morrowind.bsa","288","Different"
"Icons\s\Tx_S_Drain_Skill.dds","Icons",".dds","11064","Morrowind.bsa","288","Different"
"Icons\s\Tx_S_feather.dds","Icons",".dds","11064","Morrowind.bsa","288","Different"
"Icons\s\Tx_S_fire_damage.dds","Icons",".dds","11064","Morrowind.bsa","288","Different"
"Icons\s\Tx_S_fire_dmg.dds","Icons",".dds","11064","Morrowind.bsa","288","Different"
"Icons\s\Tx_S_fire_shield.dds","Icons",".dds","11064","Morrowind.bsa","288","Different"
"Icons\s\Tx_S_frost_dmg.dds","Icons",".dds","11064","Morrowind.bsa","288","Different"
"Icons\s\Tx_S_frost_shield.dds","Icons",".dds","11064","Morrowind.bsa","288","Different"
"Icons\s\Tx_S_Frzy_Crture.dds","Icons",".dds","11064","Morrowind.bsa","288","Different"
"Icons\s\Tx_S_Frzy_Hunoid.dds","Icons",".dds","11064","Morrowind.bsa","288","Different"
"Icons\s\Tx_S_Ftfy_Attack.dds","Icons",".dds","11064","Morrowind.bsa","288","Different"
"Icons\s\Tx_S_Ftfy_Attrib.dds","Icons",".dds","11064","Morrowind.bsa","288","Different"
"Icons\s\Tx_S_Ftfy_Fati.dds","Icons",".dds","11064","Morrowind.bsa","288","Different"
"Icons\s\Tx_S_Ftfy_Health.dds","Icons",".dds","11064","Morrowind.bsa","288","Different"
"Icons\s\Tx_S_Ftfy_Magic.dds","Icons",".dds","11064","Morrowind.bsa","288","Different"
"Icons\s\Tx_S_Ftfy_MgcMtplr.dds","Icons",".dds","11064","Morrowind.bsa","288","Different"
"Icons\s\Tx_S_Ftfy_Skill.dds","Icons",".dds","11064","Morrowind.bsa","288","Different"
"Icons\s\Tx_S_invisible.dds","Icons",".dds","11064","Morrowind.bsa","288","Different"
"Icons\s\Tx_S_jump.dds","Icons",".dds","11064","Morrowind.bsa","288","Different"
"Icons\s\Tx_S_levitate.dds","Icons",".dds","11064","Morrowind.bsa","288","Different"
"Icons\s\Tx_S_light.dds","Icons",".dds","11064","Morrowind.bsa","288","Different"
"Icons\s\Tx_S_light_shield.dds","Icons",".dds","11064","Morrowind.bsa","288","Different"
"Icons\s\Tx_S_lock.dds","Icons",".dds","11064","Morrowind.bsa","288","Different"
"Icons\s\Tx_S_mark.dds","Icons",".dds","11064","Morrowind.bsa","288","Different"
"Icons\s\Tx_S_night_eye.dds","Icons",".dds","11064","Morrowind.bsa","288","Different"
"Icons\s\Tx_S_nighteye.dds","Icons",".dds","11064","Morrowind.bsa","288","Different"
"Icons\s\Tx_S_open.dds","Icons",".dds","11064","Morrowind.bsa","288","Different"
"Icons\s\Tx_S_paralyse.dds","Icons",".dds","11064","Morrowind.bsa","288","Different"
"Icons\s\Tx_S_poison.dds","Icons",".dds","11064","Morrowind.bsa","288","Different"
"Icons\s\Tx_S_Recall.dds","Icons",".dds","11064","Morrowind.bsa","288","Different"
"Icons\s\Tx_S_reflect.dds","Icons",".dds","11064","Morrowind.bsa","288","Different"
"Icons\s\Tx_S_rem_curse.dds","Icons",".dds","11064","Morrowind.bsa","288","Different"
"Icons\s\Tx_S_remcurse.dds","Icons",".dds","11064","Morrowind.bsa","288","Different"
"Icons\s\Tx_S_Rlly_Crture.dds","Icons",".dds","11064","Morrowind.bsa","288","Different"
"Icons\s\Tx_S_Rlly_Hunoid.dds","Icons",".dds","11064","Morrowind.bsa","288","Different"
"Icons\s\Tx_S_Rst_BghtDise.dds","Icons",".dds","11064","Morrowind.bsa","288","Different"
"Icons\s\Tx_S_Rst_ComDise.dds","Icons",".dds","11064","Morrowind.bsa","288","Different"
"Icons\s\Tx_S_Rst_CpsDise.dds","Icons",".dds","11064","Morrowind.bsa","288","Different"
"Icons\s\Tx_S_Rst_Fire.dds","Icons",".dds","11064","Morrowind.bsa","288","Different"
"Icons\s\Tx_S_Rst_Frost.dds","Icons",".dds","11064","Morrowind.bsa","288","Different"
"Icons\s\Tx_S_Rst_Magic.dds","Icons",".dds","11064","Morrowind.bsa","288","Different"
"Icons\s\Tx_S_Rst_NmlWpn.dds","Icons",".dds","11064","Morrowind.bsa","288","Different"
"Icons\s\Tx_S_Rst_Plysis.dds","Icons",".dds","11064","Morrowind.bsa","288","Different"
"Icons\s\Tx_S_Rst_Poison.dds","Icons",".dds","11064","Morrowind.bsa","288","Different"
"Icons\s\Tx_S_Rst_Shock.dds","Icons",".dds","11064","Morrowind.bsa","288","Different"
"Icons\s\Tx_S_Rstor_Attrib.dds","Icons",".dds","11064","Morrowind.bsa","288","Different"
"Icons\s\Tx_S_Rstor_Fatigue.dds","Icons",".dds","11064","Morrowind.bsa","288","Different"
"Icons\s\Tx_S_Rstor_Health.dds","Icons",".dds","11064","Morrowind.bsa","288","Different"
"Icons\s\Tx_S_Rstor_Magic.dds","Icons",".dds","11064","Morrowind.bsa","288","Different"
"Icons\s\Tx_S_Rstor_Skill.dds","Icons",".dds","11064","Morrowind.bsa","288","Different"
"Icons\s\Tx_S_sanctuary.dds","Icons",".dds","11064","Morrowind.bsa","288","Different"
"Icons\s\Tx_S_shield.dds","Icons",".dds","11064","Morrowind.bsa","288","Different"
"Icons\s\Tx_S_shock_dmg.dds","Icons",".dds","11064","Morrowind.bsa","288","Different"
"Icons\s\Tx_S_silence.dds","Icons",".dds","11064","Morrowind.bsa","288","Different"
"Icons\s\Tx_S_slowfall.dds","Icons",".dds","11064","Morrowind.bsa","288","Different"
"Icons\s\Tx_S_Smmn_AnctlGht.dds","Icons",".dds","11064","Morrowind.bsa","288","Different"
"Icons\s\Tx_S_Smmn_Bear.dds","Icons",".dds","11064","Bloodmoon.bsa","384","Different"
"Icons\s\Tx_S_Smmn_Bnlord.dds","Icons",".dds","11064","Morrowind.bsa","288","Different"
"Icons\s\Tx_S_Smmn_Bonewolf.dds","Icons",".dds","11064","Bloodmoon.bsa","384","Different"
"Icons\s\Tx_S_Smmn_Clnfear.dds","Icons",".dds","11064","Morrowind.bsa","288","Different"
"Icons\s\Tx_S_Smmn_Daedth.dds","Icons",".dds","11064","Morrowind.bsa","288","Different"
"Icons\s\Tx_S_Smmn_Drmora.dds","Icons",".dds","11064","Morrowind.bsa","288","Different"
"Icons\s\Tx_S_Smmn_Fabrict.dds","Icons",".dds","11064","Tribunal.bsa","312","Different"
"Icons\s\Tx_S_Smmn_FlmAtrnh.dds","Icons",".dds","11064","Morrowind.bsa","288","Different"
"Icons\s\Tx_S_Smmn_FrstAtrnh.dds","Icons",".dds","11064","Morrowind.bsa","288","Different"
"Icons\s\Tx_S_Smmn_GldSaint.dds","Icons",".dds","11064","Morrowind.bsa","288","Different"
"Icons\s\Tx_S_Smmn_GrtrBnwlkr.dds","Icons",".dds","11064","Morrowind.bsa","288","Different"
"Icons\s\Tx_S_Smmn_Hunger.dds","Icons",".dds","11064","Morrowind.bsa","288","Different"
"Icons\s\Tx_S_Smmn_LstBnwlkr.dds","Icons",".dds","11064","Morrowind.bsa","288","Different"
"Icons\s\Tx_S_Smmn_Scamp.dds","Icons",".dds","11064","Morrowind.bsa","288","Different"
"Icons\s\Tx_S_Smmn_SkltlMnn.dds","Icons",".dds","11064","Morrowind.bsa","288","Different"
"Icons\s\Tx_S_Smmn_StmAtnh.dds","Icons",".dds","11064","Morrowind.bsa","288","Different"
"Icons\s\Tx_S_Smmn_WngTwlght.dds","Icons",".dds","11064","Morrowind.bsa","288","Different"
"Icons\s\Tx_S_Smmn_Wolf.dds","Icons",".dds","11064","Bloodmoon.bsa","384","Different"
"Icons\s\Tx_S_soultrap.dds","Icons",".dds","11064","Morrowind.bsa","288","Different"
"Icons\s\Tx_S_sound.dds","Icons",".dds","11064","Morrowind.bsa","288","Different"
"Icons\s\Tx_S_spll_absb.dds","Icons",".dds","11064","Morrowind.bsa","288","Different"
"Icons\s\Tx_S_sun_dmg.dds","Icons",".dds","11064","Morrowind.bsa","288","Different"
"Icons\s\Tx_S_swiftswim.dds","Icons",".dds","11064","Morrowind.bsa","288","Different"
"Icons\s\Tx_S_telekinesis.dds","Icons",".dds","11064","Morrowind.bsa","288","Different"
"Icons\s\Tx_S_turn_undead.dds","Icons",".dds","11064","Morrowind.bsa","288","Different"
"Icons\s\Tx_S_vampire.dds","Icons",".dds","11064","Morrowind.bsa","288","Different"
"Icons\s\Tx_S_water_breath.dds","Icons",".dds","11064","Morrowind.bsa","288","Different"
"Icons\s\Tx_S_water_walk.dds","Icons",".dds","11064","Morrowind.bsa","288","Different"
"Icons\s\Tx_S_WknsToBlghtDise.dds","Icons",".dds","11064","Morrowind.bsa","288","Different"
"Icons\s\Tx_S_WknsToComDise.dds","Icons",".dds","11064","Morrowind.bsa","288","Different"
"Icons\s\Tx_S_WknsToCpsDise.dds","Icons",".dds","11064","Morrowind.bsa","288","Different"
"Icons\s\Tx_S_WknsToFire.dds","Icons",".dds","11064","Morrowind.bsa","288","Different"
"Icons\s\Tx_S_WknsToFrost.dds","Icons",".dds","11064","Morrowind.bsa","288","Different"
"Icons\s\Tx_S_WknsToMagic.dds","Icons",".dds","11064","Morrowind.bsa","288","Different"
"Icons\s\Tx_S_WknsToNmlWpns.dds","Icons",".dds","11064","Morrowind.bsa","288","Different"
"Icons\s\Tx_S_WknsToPoison.dds","Icons",".dds","11064","Morrowind.bsa","288","Different"
"Icons\s\Tx_S_WknsToShock.dds","Icons",".dds","11064","Morrowind.bsa","288","Different"
"Icons\tx_goldicon.dds","Icons",".dds","312","Morrowind.bsa","448","Different"
"Icons\w\Tx_Dagger_daedric.dds","Icons",".dds","22000","Morrowind.bsa","1472","Different"
"Meshes\a\a_adamantium_cuirass_c.nif","Meshes",".nif","68441","Tribunal.bsa","68441","Identical"
"Meshes\a\a_adamantium_greaves_g.nif","Meshes",".nif","3695","Tribunal.bsa","3695","Identical"
"Meshes\a\a_daedric_boots_a.nif","Meshes",".nif","2995","Morrowind.bsa","3791","Different"
"Meshes\a\a_daedric_boots_f.nif","Meshes",".nif","2659","Morrowind.bsa","2657","Different"
"Meshes\a\a_daedric_boots_gnd.nif","Meshes",".nif","11589","Morrowind.bsa","11887","Different"
"Meshes\a\a_daedric_cuirass_gnd.nif","Meshes",".nif","3745","Morrowind.bsa","2300","Different"
"Meshes\a\a_daedric_gauntlet_gnd.nif","Meshes",".nif","13253","Morrowind.bsa","13592","Different"
"Meshes\a\a_daedric_greaves_g.nif","Meshes",".nif","4496","Morrowind.bsa","3345","Different"
"Meshes\a\a_daedric_greaves_gnd.nif","Meshes",".nif","12771","Morrowind.bsa","11622","Different"
"Meshes\a\a_daedric_greaves_ul.nif","Meshes",".nif","12123","Morrowind.bsa","8435","Different"
"Meshes\a\a_daedric_hands.1st.nif","Meshes",".nif","40003","Morrowind.bsa","42714","Different"
"Meshes\a\a_daedric_pauldron_cl.nif","Meshes",".nif","11184","Morrowind.bsa","8535","Different"
"Meshes\a\a_daedric_pauldron_gnd.nif","Meshes",".nif","22374","Morrowind.bsa","16179","Different"
"Meshes\a\a_daedric_pauldron_ua.nif","Meshes",".nif","12031","Morrowind.bsa","7791","Different"
"Meshes\a\a_daedric_skins.nif","Meshes",".nif","96573","Morrowind.bsa","95154","Different"
"Meshes\a\a_darkbrotherhood_1st.nif","Meshes",".nif","83194","Tribunal.bsa","60788","Different"
"Meshes\a\a_darkbrotherhood_b_gnd.nif","Meshes",".nif","48069","Tribunal.bsa","37366","Different"
"Meshes\a\a_darkbrotherhood_boot_a.nif","Meshes",".nif","5273","Tribunal.bsa","4362","Different"
"Meshes\a\a_darkbrotherhood_boot_f.nif","Meshes",".nif","14417","Tribunal.bsa","15234","Different"
"Meshes\a\a_darkbrotherhood_c_gnd.nif","Meshes",".nif","13427","Tribunal.bsa","11183","Different"
"Meshes\a\a_darkbrotherhood_gau_gnd.nif","Meshes",".nif","27156","Tribunal.bsa","19407","Different"
"Meshes\a\a_darkbrotherhood_gr_gnd.nif","Meshes",".nif","12264","Tribunal.bsa","12118","Different"
"Meshes\a\a_darkbrotherhood_greav_g.nif","Meshes",".nif","7405","Tribunal.bsa","6724","Different"
"Meshes\a\a_darkbrotherhood_greav_k.nif","Meshes",".nif","4842","Tribunal.bsa","3332","Different"
"Meshes\a\a_darkbrotherhood_grev_ul.nif","Meshes",".nif","6386","Tribunal.bsa","5120","Different"
"Meshes\a\a_darkbrotherhood_skin.nif","Meshes",".nif","98476","Tribunal.bsa","74486","Different"
"Meshes\a\a_ebony_boot_a.nif","Meshes",".nif","2500","Morrowind.bsa","2487","Different"
"Meshes\a\a_ebony_boot_f.nif","Meshes",".nif","3225","Morrowind.bsa","3213","Different"
"Meshes\a\a_ebony_cuirass.nif","Meshes",".nif","14405","Morrowind.bsa","14389","Different"
"Meshes\a\a_ebony_g_greaves.nif","Meshes",".nif","4721","Morrowind.bsa","2615","Different"
"Meshes\a\a_ebony_greaves_k.nif","Meshes",".nif","4860","Morrowind.bsa","2957","Different"
"Meshes\a\a_ebony_greaves_ul.nif","Meshes",".nif","5894","Morrowind.bsa","4501","Different"
"Meshes\a\a_glass_boots_a.nif","Meshes",".nif","29031","Morrowind.bsa","28749","Different"
"Meshes\a\a_glass_boots_f.nif","Meshes",".nif","4852","Morrowind.bsa","4758","Different"
"Meshes\a\a_glass_boots_gnd.nif","Meshes",".nif","67488","Morrowind.bsa","67112","Different"
"Meshes\a\a_glass_bracer_gnd.nif","Meshes",".nif","10431","Morrowind.bsa","10337","Different"
"Meshes\a\a_glass_bracer_w.nif","Meshes",".nif","13004","Morrowind.bsa","12901","Different"
"Meshes\a\a_glass_cl_pauldron.nif","Meshes",".nif","4745","Morrowind.bsa","4640","Different"
"Meshes\a\a_glass_cl_pauldron_gnd.nif","Meshes",".nif","4161","Morrowind.bsa","4065","Different"
"Meshes\a\a_glass_cuirass.nif","Meshes",".nif","43835","Morrowind.bsa","43548","Different"
"Meshes\a\a_glass_cuirass_gnd.nif","Meshes",".nif","2644","Morrowind.bsa","2547","Different"
"Meshes\a\a_glass_greaves_g.nif","Meshes",".nif","4615","Morrowind.bsa","4425","Different"
"Meshes\a\a_glass_greaves_gnd.nif","Meshes",".nif","29205","Morrowind.bsa","28925","Different"
"Meshes\a\a_glass_greaves_k.nif","Meshes",".nif","6777","Morrowind.bsa","6587","Different"
"Meshes\a\a_glass_greaves_ul.nif","Meshes",".nif","12854","Morrowind.bsa","12669","Different"
"Meshes\a\a_glass_helmet.nif","Meshes",".nif","43412","Morrowind.bsa","42947","Different"
"Meshes\a\a_glass_pauldron_fa.nif","Meshes",".nif","8422","Morrowind.bsa","8318","Different"
"Meshes\a\a_glass_pauldron_gnd.nif","Meshes",".nif","38251","Morrowind.bsa","37778","Different"
"Meshes\a\a_glass_pauldron_ua.nif","Meshes",".nif","21895","Morrowind.bsa","21482","Different"
"Meshes\a\a_iron_boot_a.nif","Meshes",".nif","9519","Morrowind.bsa","9686","Different"
"Meshes\a\a_iron_boot_gnd.nif","Meshes",".nif","22399","Morrowind.bsa","23221","Different"
"Meshes\a\a_iron_bracer_w.nif","Meshes",".nif","5916","Morrowind.bsa","6191","Different"
"Meshes\a\a_iron_cuirass_gnd.nif","Meshes",".nif","9936","Morrowind.bsa","10276","Different"
"Meshes\a\a_iron_gauntlet_gnd.nif","Meshes",".nif","16287","Morrowind.bsa","16937","Different"
"Meshes\a\a_iron_greaves_g.nif","Meshes",".nif","3410","Morrowind.bsa","3399","Different"
"Meshes\a\a_iron_greaves_gnd.nif","Meshes",".nif","19728","Morrowind.bsa","20232","Different"
"Meshes\a\a_iron_greaves_k.nif","Meshes",".nif","5988","Morrowind.bsa","6155","Different"
"Meshes\a\a_iron_greaves_ul.nif","Meshes",".nif","9331","Morrowind.bsa","9498","Different"
"Meshes\a\a_iron_hands.1st.nif","Meshes",".nif","47380","Morrowind.bsa","50058","Different"
"Meshes\a\a_iron_skinned.nif","Meshes",".nif","71397","Morrowind.bsa","66829","Different"
"Meshes\a\a_m_chitin_helmet.nif","Meshes",".nif","67444","Morrowind.bsa","12643","Different"
"Meshes\a\a_m_chitin_pauldron_cl.nif","Meshes",".nif","7031","Morrowind.bsa","8692","Different"
"Meshes\a\a_m_chitin_skinned.nif","Meshes",".nif","82025","Morrowind.bsa","92489","Different"
"Meshes\a\a_nordicfur_greave_ul.nif","Meshes",".nif","22384","Morrowind.bsa","22839","Different"
"Meshes\a\a_steel_boot_a.nif","Meshes",".nif","4385","Morrowind.bsa","2815","Different"
"Meshes\a\a_steel_boot_f.nif","Meshes",".nif","4323","Morrowind.bsa","4483","Different"
"Meshes\a\a_steel_greaves_g.nif","Meshes",".nif","12689","Morrowind.bsa","3499","Different"
"Meshes\a\a_steel_greaves_k.nif","Meshes",".nif","2886","Morrowind.bsa","5927","Different"
"Meshes\a\a_steel_pauldron_cl.nif","Meshes",".nif","5614","Morrowind.bsa","4290","Different"
"Meshes\a\a_steel_pauldron_fa.nif","Meshes",".nif","2490","Morrowind.bsa","4916","Different"
"Meshes\a\a_steel_skin.nif","Meshes",".nif","63924","Morrowind.bsa","69780","Different"
"Meshes\a\shield_glass.nif","Meshes",".nif","22562","Morrowind.bsa","22085","Different"
"Meshes\a\towershield_glass.nif","Meshes",".nif","17099","Morrowind.bsa","16726","Different"
"Meshes\b\B_N_Argonian_M_Ankle.nif","Meshes",".nif","1608","Morrowind.bsa","1594","Different"
"Meshes\b\b_n_argonian_m_forearm.nif","Meshes",".nif","2049","Morrowind.bsa","2035","Different"
"Meshes\b\b_n_argonian_m_groin.nif","Meshes",".nif","3356","Morrowind.bsa","3343","Different"
"Meshes\b\b_n_argonian_m_knee.nif","Meshes",".nif","2099","Morrowind.bsa","2085","Different"
"Meshes\b\b_n_argonian_m_neck.nif","Meshes",".nif","2872","Morrowind.bsa","2857","Different"
"Meshes\b\b_n_argonian_m_upper arm.nif","Meshes",".nif","3982","Morrowind.bsa","3968","Different"
"Meshes\b\b_n_argonian_m_upper leg.nif","Meshes",".nif","2599","Morrowind.bsa","2585","Different"
"Meshes\b\b_n_argonian_m_wrist.nif","Meshes",".nif","2367","Morrowind.bsa","2353","Different"
"Meshes\b\b_n_khajiit_f_ankle.nif","Meshes",".nif","1592","Morrowind.bsa","1592","Identical"
"Meshes\b\b_n_khajiit_f_forearm.nif","Meshes",".nif","2033","Morrowind.bsa","2033","Identical"
"Meshes\b\b_n_khajiit_f_groin.nif","Meshes",".nif","3341","Morrowind.bsa","3341","Identical"
"Meshes\b\b_n_khajiit_f_knee.nif","Meshes",".nif","2083","Morrowind.bsa","2083","Identical"
"Meshes\b\b_n_khajiit_f_neck.nif","Meshes",".nif","2855","Morrowind.bsa","2855","Identical"
"Meshes\b\b_n_khajiit_f_skins.nif","Meshes",".nif","67904","Morrowind.bsa","67904","Identical"
"Meshes\b\b_n_khajiit_f_upper arm.nif","Meshes",".nif","3966","Morrowind.bsa","3966","Identical"
"Meshes\b\b_n_khajiit_f_upper leg.nif","Meshes",".nif","2583","Morrowind.bsa","2583","Identical"
"Meshes\b\b_n_khajiit_f_wrist.nif","Meshes",".nif","2350","Morrowind.bsa","2350","Identical"
"Meshes\b\b_n_khajiit_m_ankle.nif","Meshes",".nif","1609","Morrowind.bsa","1592","Different"
"Meshes\b\b_n_khajiit_m_forearm.nif","Meshes",".nif","2050","Morrowind.bsa","2033","Different"
"Meshes\b\b_n_khajiit_m_groin.nif","Meshes",".nif","3357","Morrowind.bsa","3341","Different"
"Meshes\b\b_n_khajiit_m_hands.1st.nif","Meshes",".nif","35368","Morrowind.bsa","35693","Different"
"Meshes\b\b_n_khajiit_m_knee.nif","Meshes",".nif","2100","Morrowind.bsa","2083","Different"
"Meshes\b\b_n_khajiit_m_neck.nif","Meshes",".nif","2873","Morrowind.bsa","2855","Different"
"Meshes\b\b_n_khajiit_m_skins.nif","Meshes",".nif","70522","Morrowind.bsa","71504","Different"
"Meshes\b\b_n_khajiit_m_upper arm.nif","Meshes",".nif","3983","Morrowind.bsa","3966","Different"
"Meshes\b\b_n_khajiit_m_upper leg.nif","Meshes",".nif","2600","Morrowind.bsa","2583","Different"
"Meshes\b\b_n_khajiit_m_wrist.nif","Meshes",".nif","3103","Morrowind.bsa","2350","Different"
"Meshes\b\b_n_wood elf_f_ankle.nif","Meshes",".nif","1593","Morrowind.bsa","1593","Different"
"Meshes\b\b_n_wood elf_f_foot.nif","Meshes",".nif","4141","Morrowind.bsa","4141","Different"
"Meshes\b\b_n_wood elf_f_forearm.nif","Meshes",".nif","2271","Morrowind.bsa","2037","Different"
"Meshes\b\b_n_wood elf_f_groin.nif","Meshes",".nif","3485","Morrowind.bsa","3484","Different"
"Meshes\b\b_n_wood elf_f_hands.1st.nif","Meshes",".nif","31500","Morrowind.bsa","31342","Different"
"Meshes\b\b_n_wood elf_f_knee.nif","Meshes",".nif","2187","Morrowind.bsa","2052","Different"
"Meshes\b\b_n_wood elf_f_neck.nif","Meshes",".nif","3064","Morrowind.bsa","2921","Different"
"Meshes\b\b_n_wood elf_f_skins.nif","Meshes",".nif","44751","Morrowind.bsa","41842","Different"
"Meshes\b\b_n_wood elf_f_upper arm.nif","Meshes",".nif","4070","Morrowind.bsa","3969","Different"
"Meshes\b\b_n_wood elf_f_upper leg.nif","Meshes",".nif","2687","Morrowind.bsa","2619","Different"
"Meshes\b\b_n_wood elf_f_wrist.nif","Meshes",".nif","2364","Morrowind.bsa","2223","Different"
"Meshes\b\b_n_wood elf_m_ankle.nif","Meshes",".nif","1593","Morrowind.bsa","1594","Different"
"Meshes\b\b_n_wood elf_m_foot.nif","Meshes",".nif","4141","Morrowind.bsa","4141","Different"
"Meshes\b\b_n_wood elf_m_forearm.nif","Meshes",".nif","2271","Morrowind.bsa","2035","Different"
"Meshes\b\b_n_wood elf_m_groin.nif","Meshes",".nif","3485","Morrowind.bsa","3342","Different"
"Meshes\b\b_n_wood elf_m_hands.1st.nif","Meshes",".nif","31500","Morrowind.bsa","31564","Different"
"Meshes\b\b_n_wood elf_m_knee.nif","Meshes",".nif","2187","Morrowind.bsa","2085","Different"
"Meshes\b\b_n_wood elf_m_neck.nif","Meshes",".nif","3064","Morrowind.bsa","2921","Different"
"Meshes\b\b_n_wood elf_m_skins.nif","Meshes",".nif","44849","Morrowind.bsa","44982","Different"
"Meshes\b\b_n_wood elf_m_upper arm.nif","Meshes",".nif","4070","Morrowind.bsa","3968","Different"
"Meshes\b\b_n_wood elf_m_upper leg.nif","Meshes",".nif","2687","Morrowind.bsa","2585","Different"
"Meshes\b\b_n_wood elf_m_wrist.nif","Meshes",".nif","2364","Morrowind.bsa","2353","Different"
"Meshes\c\C_M_Pants_expensive_2_A.nif","Meshes",".nif","6570","Morrowind.bsa","6748","Different"
"Meshes\c\C_M_Pants_expensive_2_G.nif","Meshes",".nif","3833","Morrowind.bsa","3831","Different"
"Meshes\c\C_M_Pants_expensive_2_GND.nif","Meshes",".nif","2343","Morrowind.bsa","2342","Different"
"Meshes\c\C_M_Pants_expensive_2_K.nif","Meshes",".nif","2801","Morrowind.bsa","2799","Different"
"Meshes\c\C_M_Pants_expensive_2_UL.nif","Meshes",".nif","3225","Morrowind.bsa","3224","Different"
"Meshes\c\c_m_shirt_c_common01.nif","Meshes",".nif","23436","Morrowind.bsa","16241","Different"
"Meshes\c\C_M_Shirt_expensive_2_C.nif","Meshes",".nif","15442","Morrowind.bsa","15970","Different"
"Meshes\c\C_M_Shirt_expensive_2_FA.nif","Meshes",".nif","2143","Morrowind.bsa","2192","Different"
"Meshes\c\C_M_Shirt_expensive_2_GND.nif","Meshes",".nif","2213","Morrowind.bsa","2216","Different"
"Meshes\c\C_M_Shirt_expensive_2_UA.nif","Meshes",".nif","5887","Morrowind.bsa","5941","Different"
"Meshes\c\C_M_Shirt_expensive_2_W.nif","Meshes",".nif","1877","Morrowind.bsa","1926","Different"
"Meshes\c\C_Skirt_expensive_2.nif","Meshes",".nif","22655","Morrowind.bsa","22656","Different"
"Meshes\c\C_Skirt_expensive_2_GND.nif","Meshes",".nif","4174","Morrowind.bsa","4011","Different"
"Meshes\d\in_mh_door_02.nif","Meshes",".nif","26042","Tribunal.bsa","39576","Different"
"Meshes\e\magic_cast_frost.nif","Meshes",".nif","34551","Morrowind.bsa","26139","Different"
"Meshes\f\flora_root_wg_02.nif","Meshes",".nif","4092","Morrowind.bsa","5536","Different"
"Meshes\f\flora_tree_04.nif","Meshes",".nif","21029","Morrowind.bsa","25155","Different"
"Meshes\f\flora_tree_ai_05.nif","Meshes",".nif","74066","Morrowind.bsa","88305","Different"
"Meshes\f\flora_tree_bm_01.nif","Meshes",".nif","54410","Bloodmoon.bsa","56315","Different"
"Meshes\f\flora_tree_bm_02.nif","Meshes",".nif","75310","Bloodmoon.bsa","56315","Different"
"Meshes\f\flora_tree_bm_06.nif","Meshes",".nif","70922","Bloodmoon.bsa","56315","Different"
"Meshes\f\flora_tree_bm_07.nif","Meshes",".nif","53637","Bloodmoon.bsa","43230","Different"
"Meshes\f\flora_tree_bm_snow_01.nif","Meshes",".nif","56394","Bloodmoon.bsa","56394","Identical"
"Meshes\f\flora_tree_bm_snow_02.nif","Meshes",".nif","56371","Bloodmoon.bsa","56371","Identical"
"Meshes\f\flora_tree_bm_snow_06.nif","Meshes",".nif","56330","Bloodmoon.bsa","56330","Identical"
"Meshes\f\flora_tree_bm_snow_07.nif","Meshes",".nif","43245","Bloodmoon.bsa","43245","Identical"
"Meshes\f\flora_tree_gl_07.nif","Meshes",".nif","135140","Morrowind.bsa","171014","Different"
"Meshes\f\flora_tree_gl_09.nif","Meshes",".nif","122245","Morrowind.bsa","126530","Different"
"Meshes\f\flora_tree_mh_01.nif","Meshes",".nif","68298","Tribunal.bsa","59192","Different"
"Meshes\f\flora_tree_wg_05.nif","Meshes",".nif","46798","Morrowind.bsa","74181","Different"
"Meshes\f\furn_de_loom_01.nif","Meshes",".nif","89964","Morrowind.bsa","81927","Different"
"Meshes\f\furn_de_tapestry_03.nif","Meshes",".nif","12046","Morrowind.bsa","12446","Different"
"Meshes\f\furn_overhang_01.nif","Meshes",".nif","38236","Morrowind.bsa","41176","Different"
"Meshes\f\furn_overhang_18.nif","Meshes",".nif","25436","Morrowind.bsa","25826","Different"
"Meshes\f\terrain_bc_scum_02.nif","Meshes",".nif","1292","Morrowind.bsa","1329","Different"
"Meshes\i\in_hlaalu_doorjamb_load.nif","Meshes",".nif","5638","Morrowind.bsa","6202","Different"
"Meshes\i\in_hlaalu_hall_3way.nif","Meshes",".nif","31338","Morrowind.bsa","33406","Different"
"Meshes\i\in_hlaalu_hall_corner_01.nif","Meshes",".nif","25715","Morrowind.bsa","27742","Different"
"Meshes\i\in_hlaalu_hall_rail.nif","Meshes",".nif","4768","Morrowind.bsa","5591","Different"
"Meshes\i\in_hlaalu_hall_stairsl.nif","Meshes",".nif","53683","Morrowind.bsa","56648","Different"
"Meshes\i\in_hlaalu_wall.nif","Meshes",".nif","5365","Morrowind.bsa","5823","Different"
"Meshes\i\in_m_sewer_3way_01.nif","Meshes",".nif","56604","Tribunal.bsa","67370","Different"
"Meshes\i\in_m_sewer_4way_01.nif","Meshes",".nif","55143","Tribunal.bsa","66329","Different"
"Meshes\i\in_m_sewer_bend.nif","Meshes",".nif","81004","Tribunal.bsa","96614","Different"
"Meshes\i\in_m_sewer_cap_01.nif","Meshes",".nif","95905","Tribunal.bsa","108928","Different"
"Meshes\i\in_m_sewer_cap_03.nif","Meshes",".nif","82839","Tribunal.bsa","116202","Different"
"Meshes\i\in_m_sewer_cistern_01.nif","Meshes",".nif","347297","Tribunal.bsa","407795","Different"
"Meshes\i\in_m_sewer_column_01.nif","Meshes",".nif","15350","Tribunal.bsa","20117","Different"
"Meshes\i\in_m_sewer_corner_01.nif","Meshes",".nif","89595","Tribunal.bsa","102110","Different"
"Meshes\i\in_m_sewer_hall_01.nif","Meshes",".nif","78589","Tribunal.bsa","96207","Different"
"Meshes\i\in_m_sewer_hall_02.nif","Meshes",".nif","29401","Tribunal.bsa","34170","Different"
"Meshes\i\in_m_sewer_wall.nif","Meshes",".nif","78777","Tribunal.bsa","12371","Different"
"Meshes\i\in_mh_doorjamb_02.nif","Meshes",".nif","11284","Tribunal.bsa","14847","Different"
"Meshes\i\in_mh_hall_01.nif","Meshes",".nif","34662","Tribunal.bsa","36441","Different"
"Meshes\i\in_mh_int_center_01.nif","Meshes",".nif","11297","Tribunal.bsa","13048","Different"
"Meshes\i\in_mh_int_column_01.nif","Meshes",".nif","32270","Tribunal.bsa","32472","Different"
"Meshes\i\in_mh_int_corner_01.nif","Meshes",".nif","26415","Tribunal.bsa","32637","Different"
"Meshes\i\in_mh_int_entrance_01.nif","Meshes",".nif","24325","Tribunal.bsa","33209","Different"
"Meshes\i\in_mh_int_stairs_01.nif","Meshes",".nif","106648","Tribunal.bsa","111566","Different"
"Meshes\i\in_mh_int_wall_01.nif","Meshes",".nif","21684","Tribunal.bsa","25921","Different"
"Meshes\i\in_mh_palace_room_01.nif","Meshes",".nif","158865","Tribunal.bsa","162607","Different"
"Meshes\i\in_mh_wall_01.nif","Meshes",".nif","4766","Tribunal.bsa","7425","Different"
"Meshes\i\in_strong_corr1_00.nif","Meshes",".nif","19715","Morrowind.bsa","22150","Different"
"Meshes\i\in_strong_corr2_00.nif","Meshes",".nif","27339","Morrowind.bsa","30334","Different"
"Meshes\i\in_strong_corr2_01.nif","Meshes",".nif","12453","Morrowind.bsa","14326","Different"
"Meshes\i\in_strong_corr2_02.nif","Meshes",".nif","28447","Morrowind.bsa","30670","Different"
"Meshes\i\in_strong_corr2_04.nif","Meshes",".nif","8263","Morrowind.bsa","10630","Different"
"Meshes\i\in_strong_corr3_00.nif","Meshes",".nif","39295","Morrowind.bsa","41950","Different"
"Meshes\i\in_strong_corr4_00.nif","Meshes",".nif","61093","Morrowind.bsa","63844","Different"
"Meshes\i\in_strong_doorjam00.nif","Meshes",".nif","4680","Morrowind.bsa","4550","Different"
"Meshes\i\in_strong_hall00.nif","Meshes",".nif","48249","Morrowind.bsa","52489","Different"
"Meshes\i\in_strong_hall03.nif","Meshes",".nif","23041","Morrowind.bsa","26527","Different"
"Meshes\i\in_strong_hall04.nif","Meshes",".nif","52273","Morrowind.bsa","56941","Different"
"Meshes\i\in_strong_hall06.nif","Meshes",".nif","2694","Morrowind.bsa","2668","Different"
"Meshes\i\in_strong_hallpill00.nif","Meshes",".nif","21686","Morrowind.bsa","22637","Different"
"Meshes\i\in_stronghold_corr2_00.nif","Meshes",".nif","20240","Morrowind.bsa","27249","Different"
"Meshes\i\in_stronghold_corr2_01.nif","Meshes",".nif","20456","Morrowind.bsa","28257","Different"
"Meshes\i\in_stronghold_corr2_04.nif","Meshes",".nif","16040","Morrowind.bsa","20133","Different"
"Meshes\i\in_stronghold_corr2_05.nif","Meshes",".nif","12056","Morrowind.bsa","16197","Different"
"Meshes\i\in_stronghold_corr2_06.nif","Meshes",".nif","38889","Morrowind.bsa","45643","Different"
"Meshes\i\in_stronghold_corr2_07.nif","Meshes",".nif","5888","Morrowind.bsa","7869","Different"
"Meshes\i\in_stronghold_corr3_00.nif","Meshes",".nif","74755","Morrowind.bsa","83541","Different"
"Meshes\i\in_stronghold_corr3_01.nif","Meshes",".nif","35817","Morrowind.bsa","38707","Different"
"Meshes\i\in_stronghold_divider00.nif","Meshes",".nif","21414","Morrowind.bsa","22522","Different"
"Meshes\i\in_stronghold_divider10.nif","Meshes",".nif","21199","Morrowind.bsa","22522","Different"
"Meshes\i\in_stronghold_hall00.nif","Meshes",".nif","9902","Morrowind.bsa","11495","Different"
"Meshes\i\in_stronghold_hall01.nif","Meshes",".nif","4178","Morrowind.bsa","5123","Different"
"Meshes\i\in_stronghold_hall02.nif","Meshes",".nif","38611","Morrowind.bsa","41606","Different"
"Meshes\i\in_stronghold_hall03.nif","Meshes",".nif","16762","Morrowind.bsa","21410","Different"
"Meshes\i\in_stronghold_hall04.nif","Meshes",".nif","1988","Morrowind.bsa","2414","Different"
"Meshes\i\in_stronghold_stairs00.nif","Meshes",".nif","26562","Morrowind.bsa","33057","Different"
"Meshes\i\in_stronghold_wall00.nif","Meshes",".nif","6062","Morrowind.bsa","7143","Different"
"Meshes\m\Key_Standard_01.nif","Meshes",".nif","1467","Morrowind.bsa","13809","Different"
"Meshes\m\misc_dwrv_Ark_cube00.nif","Meshes",".nif","27095","Morrowind.bsa","1865","Different"
"Meshes\m\misc_dwrv_artifact00.nif","Meshes",".nif","7272","Morrowind.bsa","8230","Different"
"Meshes\m\misc_potion_bargain_01.nif","Meshes",".nif","8898","Morrowind.bsa","11711","Different"
"Meshes\m\misc_potion_cheap_01.nif","Meshes",".nif","12964","Morrowind.bsa","11406","Different"
"Meshes\m\misc_potion_exclusive_01.nif","Meshes",".nif","8898","Morrowind.bsa","11262","Different"
"Meshes\m\misc_potion_fresh_01.nif","Meshes",".nif","12964","Morrowind.bsa","11406","Different"
"Meshes\m\misc_potion_quality_01.nif","Meshes",".nif","12964","Morrowind.bsa","11376","Different"
"Meshes\m\misc_potion_standard_01.nif","Meshes",".nif","8898","Morrowind.bsa","12194","Different"
"Meshes\m\misc_soulgem_common.nif","Meshes",".nif","17574","Morrowind.bsa","3804","Different"
"Meshes\m\misc_soulgem_grand.nif","Meshes",".nif","17569","Morrowind.bsa","7671","Different"
"Meshes\m\misc_soulgem_greater.nif","Meshes",".nif","17578","Morrowind.bsa","13213","Different"
"Meshes\m\misc_soulgem_lesser.nif","Meshes",".nif","17570","Morrowind.bsa","4156","Different"
"Meshes\m\misc_soulgem_petty.nif","Meshes",".nif","17641","Morrowind.bsa","2474","Different"
"Meshes\n\ingred_raw_glass_01.nif","Meshes",".nif","5941","Morrowind.bsa","5848","Different"
"Meshes\n\Potion_Cyro_brandy_01.nif","Meshes",".nif","8896","Morrowind.bsa","10430","Different"
"Meshes\n\Potion_Cyro_whiskey_01.nif","Meshes",".nif","13074","Morrowind.bsa","10772","Different"
"Meshes\o\contain_rock_glass_01.nif","Meshes",".nif","19763","Morrowind.bsa","19578","Different"
"Meshes\o\contain_rock_glass_02.nif","Meshes",".nif","25757","Morrowind.bsa","25572","Different"
"Meshes\o\contain_rock_glass_03.nif","Meshes",".nif","23765","Morrowind.bsa","23580","Different"
"Meshes\o\contain_rock_glass_04.nif","Meshes",".nif","37745","Morrowind.bsa","37560","Different"
"Meshes\o\contain_rock_glass_05.nif","Meshes",".nif","49577","Morrowind.bsa","49392","Different"
"Meshes\o\contain_rock_glass_06.nif","Meshes",".nif","29027","Morrowind.bsa","28842","Different"
"Meshes\o\contain_rock_glass_07.nif","Meshes",".nif","41579","Morrowind.bsa","41394","Different"
"Meshes\r\cliffracer.nif","Meshes",".nif","117949","Morrowind.bsa","149711","Different"
"Meshes\r\Fabricant.nif","Meshes",".nif","544086","Tribunal.bsa","579829","Different"
"Meshes\r\fabricant_hulking.nif","Meshes",".nif","426209","Tribunal.bsa","440396","Different"
"Meshes\r\fabricant_imperfect.nif","Meshes",".nif","416945","Tribunal.bsa","423716","Different"
"Meshes\r\greatbonewalker.nif","Meshes",".nif","390647","Morrowind.bsa","390647","Identical"
"Meshes\r\kwama queen.nif","Meshes",".nif","335965","Morrowind.bsa","335342","Different"
"Meshes\r\xbear_blond_larger.nif","Meshes",".nif","214806","Bloodmoon.bsa","214806","Identical"
"Meshes\r\xcliffracer.nif","Meshes",".nif","50640","Morrowind.bsa","52374","Different"
"Meshes\r\XDurzog.kf","Meshes",".kf","308622","Tribunal.bsa","308622","Identical"
"Meshes\r\xFabricant.nif","Meshes",".nif","544086","Tribunal.bsa","153145","Different"
"Meshes\r\xfabricant_hulking.kf","Meshes",".kf","306117","Tribunal.bsa","313055","Different"
"Meshes\r\xfabricant_hulking.nif","Meshes",".nif","122296","Tribunal.bsa","129545","Different"
"Meshes\r\xg_centurionspider.nif","Meshes",".nif","131425","Morrowind.bsa","169900","Different"
"Meshes\r\xgreatbonewalker.nif","Meshes",".nif","82812","Morrowind.bsa","105866","Different"
"Meshes\r\xkwama queen.nif","Meshes",".nif","150446","Morrowind.bsa","154839","Different"
"Meshes\r\xwolf_red.nif","Meshes",".nif","213835","Bloodmoon.bsa","439774","Different"
"Meshes\w\magic_target_dst.nif","Meshes",".nif","19278","Morrowind.bsa","9385","Different"
"Meshes\w\magic_target_frost.nif","Meshes",".nif","65529","Morrowind.bsa","31090","Different"
"Meshes\wolf\hair.nif","Meshes",".nif","209","Bloodmoon.bsa","209","Identical"
"Meshes\wolf\head.nif","Meshes",".nif","121422","Bloodmoon.bsa","66923","Different"
"Meshes\wolf\skin.1st.nif","Meshes",".nif","93941","Bloodmoon.bsa","1251179","Different"
"Meshes\wolf\skin.nif","Meshes",".nif","2042756","Bloodmoon.bsa","1965292","Different"
"Meshes\wolf\skinnpc.nif","Meshes",".nif","2011401","Bloodmoon.bsa","1965295","Different"
"Meshes\wolf\xskin.1st.kf","Meshes",".kf","1158642","Bloodmoon.bsa","1158642","Identical"
"Meshes\wolf\xskin.1st.nif","Meshes",".nif","93941","Bloodmoon.bsa","94816","Different"
"Meshes\wolf\xskin.kf","Meshes",".kf","1794716","Bloodmoon.bsa","1794716","Identical"
"Meshes\wolf\xskin.nif","Meshes",".nif","2042756","Bloodmoon.bsa","172518","Different"
"Meshes\wolf\xskinnpc.kf","Meshes",".kf","1797285","Bloodmoon.bsa","1794716","Different"
"Meshes\wolf\xskinnpc.nif","Meshes",".nif","216058","Bloodmoon.bsa","172521","Different"
"Meshes\x\ex_strongruin_fort05_half.nif","Meshes",".nif","62737","Morrowind.bsa","70634","Different"
"Meshes\x\ex_t_slavemarket.nif","Meshes",".nif","32648","Morrowind.bsa","59104","Different"
"Meshes\x\terrain_ashmire_01.nif","Meshes",".nif","15024","Morrowind.bsa","25897","Different"
"Textures\_land_default.dds","Textures",".dds","43832","Morrowind.bsa","43808","Different"
"Textures\compass.dds","Textures",".dds","5616","Morrowind.bsa","1472","Different"
"Textures\cursor_drop.dds","Textures",".dds","824","Morrowind.bsa","1472","Different"
"Textures\cursor_drop_ground.dds","Textures",".dds","824","Morrowind.bsa","1472","Different"
"Textures\levelup\acrobat.dds","Textures",".dds","87528","Morrowind.bsa","21952","Different"
"Textures\levelup\agent.dds","Textures",".dds","43856","Morrowind.bsa","21952","Different"
"Textures\levelup\archer.dds","Textures",".dds","43856","Morrowind.bsa","21952","Different"
"Textures\levelup\assassin.dds","Textures",".dds","43856","Morrowind.bsa","21952","Different"
"Textures\levelup\barbarian.dds","Textures",".dds","43856","Morrowind.bsa","21952","Different"
"Textures\levelup\bard.dds","Textures",".dds","43856","Morrowind.bsa","21952","Different"
"Textures\levelup\battlemage.dds","Textures",".dds","43856","Morrowind.bsa","21952","Different"
"Textures\levelup\crusader.dds","Textures",".dds","43856","Morrowind.bsa","21952","Different"
"Textures\levelup\healer.dds","Textures",".dds","43856","Morrowind.bsa","21952","Different"
"Textures\levelup\knight.dds","Textures",".dds","43856","Morrowind.bsa","21952","Different"
"Textures\levelup\mage.dds","Textures",".dds","43856","Morrowind.bsa","21952","Different"
"Textures\levelup\monk.dds","Textures",".dds","43856","Morrowind.bsa","21952","Different"
"Textures\levelup\nightblade.dds","Textures",".dds","43856","Morrowind.bsa","21952","Different"
"Textures\levelup\pilgrim.dds","Textures",".dds","43856","Morrowind.bsa","21952","Different"
"Textures\levelup\rogue.dds","Textures",".dds","43856","Morrowind.bsa","21952","Different"
"Textures\levelup\scout.dds","Textures",".dds","87528","Morrowind.bsa","21952","Different"
"Textures\levelup\sorcerer.dds","Textures",".dds","87528","Morrowind.bsa","21952","Different"
"Textures\levelup\spellsword.dds","Textures",".dds","43856","Morrowind.bsa","21952","Different"
"Textures\levelup\thief.dds","Textures",".dds","43856","Morrowind.bsa","21952","Different"
"Textures\levelup\warrior.dds","Textures",".dds","43856","Morrowind.bsa","21952","Different"
"Textures\levelup\witchhunter.dds","Textures",".dds","43856","Morrowind.bsa","21952","Different"
"Textures\magicitem\caust00.dds","Textures",".dds","640","Morrowind.bsa","800","Different"
"Textures\magicitem\caust01.dds","Textures",".dds","640","Morrowind.bsa","800","Different"
"Textures\magicitem\caust02.dds","Textures",".dds","640","Morrowind.bsa","800","Different"
"Textures\magicitem\caust03.dds","Textures",".dds","640","Morrowind.bsa","800","Different"
"Textures\magicitem\caust04.dds","Textures",".dds","640","Morrowind.bsa","800","Different"
"Textures\magicitem\caust05.dds","Textures",".dds","640","Morrowind.bsa","800","Different"
"Textures\magicitem\caust06.dds","Textures",".dds","640","Morrowind.bsa","800","Different"
"Textures\magicitem\caust07.dds","Textures",".dds","640","Morrowind.bsa","800","Different"
"Textures\magicitem\caust08.dds","Textures",".dds","640","Morrowind.bsa","800","Different"
"Textures\magicitem\caust09.dds","Textures",".dds","640","Morrowind.bsa","800","Different"
"Textures\magicitem\caust10.dds","Textures",".dds","640","Morrowind.bsa","800","Different"
"Textures\magicitem\caust11.dds","Textures",".dds","640","Morrowind.bsa","800","Different"
"Textures\magicitem\caust12.dds","Textures",".dds","640","Morrowind.bsa","800","Different"
"Textures\magicitem\caust13.dds","Textures",".dds","640","Morrowind.bsa","800","Different"
"Textures\magicitem\caust14.dds","Textures",".dds","640","Morrowind.bsa","800","Different"
"Textures\magicitem\caust15.dds","Textures",".dds","640","Morrowind.bsa","800","Different"
"Textures\magicitem\caust16.dds","Textures",".dds","640","Morrowind.bsa","800","Different"
"Textures\magicitem\caust17.dds","Textures",".dds","640","Morrowind.bsa","800","Different"
"Textures\magicitem\caust18.dds","Textures",".dds","640","Morrowind.bsa","800","Different"
"Textures\magicitem\caust19.dds","Textures",".dds","640","Morrowind.bsa","800","Different"
"Textures\magicitem\caust20.dds","Textures",".dds","640","Morrowind.bsa","800","Different"
"Textures\magicitem\caust21.dds","Textures",".dds","640","Morrowind.bsa","800","Different"
"Textures\magicitem\caust22.dds","Textures",".dds","640","Morrowind.bsa","800","Different"
"Textures\magicitem\caust23.dds","Textures",".dds","640","Morrowind.bsa","800","Different"
"Textures\magicitem\caust24.dds","Textures",".dds","640","Morrowind.bsa","800","Different"
"Textures\magicitem\caust25.dds","Textures",".dds","640","Morrowind.bsa","800","Different"
"Textures\magicitem\caust26.dds","Textures",".dds","640","Morrowind.bsa","800","Different"
"Textures\magicitem\caust27.dds","Textures",".dds","640","Morrowind.bsa","800","Different"
"Textures\magicitem\caust28.dds","Textures",".dds","640","Morrowind.bsa","800","Different"
"Textures\magicitem\caust29.dds","Textures",".dds","640","Morrowind.bsa","800","Different"
"Textures\magicitem\caust30.dds","Textures",".dds","640","Morrowind.bsa","800","Different"
"Textures\magicitem\caust31.dds","Textures",".dds","640","Morrowind.bsa","800","Different"
"Textures\menu_button_frame_bottom.dds","Textures",".dds","648","Morrowind.bsa","2176","Different"
"Textures\menu_button_frame_bottom_left_corner.dds","Textures",".dds","152","Morrowind.bsa","192","Different"
"Textures\menu_button_frame_left.dds","Textures",".dds","200","Morrowind.bsa","384","Different"
"Textures\menu_button_frame_right.dds","Textures",".dds","200","Morrowind.bsa","384","Different"
"Textures\menu_button_frame_top.dds","Textures",".dds","648","Morrowind.bsa","2176","Different"
"Textures\menu_button_frame_top_left_corner.dds","Textures",".dds","152","Morrowind.bsa","192","Different"
"Textures\menu_button_frame_top_right_corner.dds","Textures",".dds","152","Morrowind.bsa","192","Different"
"Textures\menu_credits.dds","Textures",".dds","32896","Morrowind.bsa","8320","Different"
"Textures\menu_credits_over.dds","Textures",".dds","32896","Morrowind.bsa","8320","Different"
"Textures\menu_credits_pressed.dds","Textures",".dds","32896","Morrowind.bsa","8320","Different"
"Textures\menu_divider.dds","Textures",".dds","264","Morrowind.bsa","384","Different"
"Textures\menu_exitgame.dds","Textures",".dds","32896","Morrowind.bsa","8320","Different"
"Textures\menu_exitgame_over.dds","Textures",".dds","32896","Morrowind.bsa","8320","Different"
"Textures\menu_exitgame_pressed.dds","Textures",".dds","32896","Morrowind.bsa","8320","Different"
"Textures\menu_head_block_bottom.dds","Textures",".dds","1160","Morrowind.bsa","2176","Different"
"Textures\menu_head_block_bottom_left_corner.dds","Textures",".dds","144","Morrowind.bsa","144","Different"
"Textures\menu_head_block_bottom_right_corner.dds","Textures",".dds","144","Morrowind.bsa","144","Different"
"Textures\menu_head_block_left.dds","Textures",".dds","200","Morrowind.bsa","256","Different"
"Textures\menu_head_block_middle.dds","Textures",".dds","2952","Morrowind.bsa","2176","Different"
"Textures\menu_head_block_right.dds","Textures",".dds","200","Morrowind.bsa","256","Different"
"Textures\menu_head_block_top.dds","Textures",".dds","1160","Morrowind.bsa","2176","Different"
"Textures\menu_head_block_top_left_corner.dds","Textures",".dds","144","Morrowind.bsa","144","Different"
"Textures\menu_head_block_top_right_corner.dds","Textures",".dds","144","Morrowind.bsa","144","Different"
"Textures\menu_icon_equip.dds","Textures",".dds","2872","Morrowind.bsa","2176","Different"
"Textures\menu_icon_frame_bottom.dds","Textures",".dds","328","Morrowind.bsa","896","Different"
"Textures\menu_icon_frame_left.dds","Textures",".dds","392","Morrowind.bsa","1152","Different"
"Textures\menu_icon_frame_right.dds","Textures",".dds","392","Morrowind.bsa","1152","Different"
"Textures\menu_icon_frame_top.dds","Textures",".dds","392","Morrowind.bsa","1152","Different"
"Textures\menu_icon_magic.dds","Textures",".dds","16512","Morrowind.bsa","4224","Different"
"Textures\menu_icon_magic_barter.dds","Textures",".dds","16512","Morrowind.bsa","4224","Different"
"Textures\menu_icon_magic_equip.dds","Textures",".dds","16512","Morrowind.bsa","4224","Different"
"Textures\menu_icon_magic_mini.dds","Textures",".dds","16512","Morrowind.bsa","1152","Different"
"Textures\menu_icon_select_magic_magic.dds","Textures",".dds","16512","Morrowind.bsa","4224","Different"
"Textures\menu_loadgame.dds","Textures",".dds","32896","Morrowind.bsa","8320","Different"
"Textures\menu_loadgame_over.dds","Textures",".dds","32896","Morrowind.bsa","8320","Different"
"Textures\menu_loadgame_pressed.dds","Textures",".dds","32896","Morrowind.bsa","8320","Different"
"Textures\menu_morrowind.dds","Textures",".dds","699192","Morrowind.bsa","262272","Different"
"Textures\menu_newgame.dds","Textures",".dds","32896","Morrowind.bsa","8320","Different"
"Textures\menu_newgame_over.dds","Textures",".dds","32896","Morrowind.bsa","8320","Different"
"Textures\menu_newgame_pressed.dds","Textures",".dds","32896","Morrowind.bsa","8320","Different"
"Textures\menu_options.dds","Textures",".dds","32896","Morrowind.bsa","8320","Different"
"Textures\menu_options_over.dds","Textures",".dds","32896","Morrowind.bsa","8320","Different"
"Textures\menu_options_pressed.dds","Textures",".dds","32896","Morrowind.bsa","8320","Different"
"Textures\menu_return.dds","Textures",".dds","32896","Morrowind.bsa","8320","Different"
"Textures\menu_return_over.dds","Textures",".dds","32896","Morrowind.bsa","8320","Different"
"Textures\menu_return_pressed.dds","Textures",".dds","32896","Morrowind.bsa","8320","Different"
"Textures\menu_rightbuttondown_bottom.dds","Textures",".dds","200","Morrowind.bsa","256","Different"
"Textures\menu_rightbuttondown_bottom_left.dds","Textures",".dds","144","Morrowind.bsa","144","Different"
"Textures\menu_rightbuttondown_bottom_right.dds","Textures",".dds","144","Morrowind.bsa","144","Different"
"Textures\menu_rightbuttondown_center.dds","Textures",".dds","312","Morrowind.bsa","256","Different"
"Textures\menu_rightbuttondown_left.dds","Textures",".dds","200","Morrowind.bsa","256","Different"
"Textures\menu_rightbuttondown_right.dds","Textures",".dds","200","Morrowind.bsa","256","Different"
"Textures\menu_rightbuttondown_top.dds","Textures",".dds","200","Morrowind.bsa","256","Different"
"Textures\menu_rightbuttondown_top_left.dds","Textures",".dds","144","Morrowind.bsa","144","Different"
"Textures\menu_rightbuttondown_top_right.dds","Textures",".dds","144","Morrowind.bsa","144","Different"
"Textures\menu_rightbuttonup_bottom.dds","Textures",".dds","200","Morrowind.bsa","256","Different"
"Textures\menu_rightbuttonup_bottom_left.dds","Textures",".dds","144","Morrowind.bsa","144","Different"
"Textures\menu_rightbuttonup_bottom_right.dds","Textures",".dds","144","Morrowind.bsa","144","Different"
"Textures\menu_rightbuttonup_center.dds","Textures",".dds","312","Morrowind.bsa","256","Different"
"Textures\menu_rightbuttonup_left.dds","Textures",".dds","200","Morrowind.bsa","256","Different"
"Textures\menu_rightbuttonup_right.dds","Textures",".dds","200","Morrowind.bsa","256","Different"
"Textures\menu_rightbuttonup_top.dds","Textures",".dds","200","Morrowind.bsa","256","Different"
"Textures\menu_rightbuttonup_top_left.dds","Textures",".dds","144","Morrowind.bsa","144","Different"
"Textures\menu_rightbuttonup_top_right.dds","Textures",".dds","144","Morrowind.bsa","144","Different"
"Textures\menu_savegame.dds","Textures",".dds","32896","Morrowind.bsa","8320","Different"
"Textures\menu_savegame_over.dds","Textures",".dds","32896","Morrowind.bsa","8320","Different"
"Textures\menu_savegame_pressed.dds","Textures",".dds","32896","Morrowind.bsa","8320","Different"
"Textures\menu_scroll_arrow.dds","Textures",".dds","184","Morrowind.bsa","160","Different"
"Textures\menu_scroll_bar_hor.dds","Textures",".dds","1520","Morrowind.bsa","1152","Different"
"Textures\menu_scroll_bar_vert.dds","Textures",".dds","1520","Morrowind.bsa","1152","Different"
"Textures\menu_scroll_button_bottom.dds","Textures",".dds","200","Morrowind.bsa","256","Different"
"Textures\menu_scroll_button_top.dds","Textures",".dds","200","Morrowind.bsa","256","Different"
"Textures\menu_scroll_button_vert.dds","Textures",".dds","200","Morrowind.bsa","256","Different"
"Textures\menu_scroll_down.dds","Textures",".dds","824","Morrowind.bsa","1152","Different"
"Textures\menu_scroll_elevator.dds","Textures",".dds","824","Morrowind.bsa","1152","Different"
"Textures\menu_scroll_hortbar_bottom.dds","Textures",".dds","2184","Morrowind.bsa","4224","Different"
"Textures\menu_scroll_hortbar_top.dds","Textures",".dds","2184","Morrowind.bsa","4224","Different"
"Textures\menu_scroll_hortbar_vert.dds","Textures",".dds","200","Morrowind.bsa","256","Different"
"Textures\menu_scroll_left.dds","Textures",".dds","824","Morrowind.bsa","1152","Different"
"Textures\menu_scroll_right.dds","Textures",".dds","824","Morrowind.bsa","1152","Different"
"Textures\menu_scroll_scroller_bottom.dds","Textures",".dds","200","Morrowind.bsa","256","Different"
"Textures\menu_scroll_scroller_middle.dds","Textures",".dds","312","Morrowind.bsa","256","Different"
"Textures\menu_scroll_scroller_top.dds","Textures",".dds","200","Morrowind.bsa","256","Different"
"Textures\menu_scroll_up.dds","Textures",".dds","824","Morrowind.bsa","1152","Different"
"Textures\menu_scroll_vertbar_bottom.dds","Textures",".dds","200","Morrowind.bsa","256","Different"
"Textures\menu_scroll_vertbar_top.dds","Textures",".dds","200","Morrowind.bsa","256","Different"
"Textures\menu_scroll_vertbar_vert.dds","Textures",".dds","2184","Morrowind.bsa","4224","Different"
"Textures\menu_size_button.dds","Textures",".dds","312","Morrowind.bsa","256","Different"
"Textures\menu_small_energy_bar_bottom.dds","Textures",".dds","392","Morrowind.bsa","640","Different"
"Textures\menu_small_energy_bar_top.dds","Textures",".dds","392","Morrowind.bsa","640","Different"
"Textures\menu_small_energy_bar_vert.dds","Textures",".dds","168","Morrowind.bsa","192","Different"
"Textures\menu_thick_border_bottom.dds","Textures",".dds","2184","Morrowind.bsa","8320","Different"
"Textures\menu_thick_border_bottom_left_corner.dds","Textures",".dds","152","Morrowind.bsa","192","Different"
"Textures\menu_thick_border_left.dds","Textures",".dds","2184","Morrowind.bsa","8320","Different"
"Textures\menu_thick_border_right.dds","Textures",".dds","2184","Morrowind.bsa","8320","Different"
"Textures\menu_thick_border_top.dds","Textures",".dds","2184","Morrowind.bsa","8320","Different"
"Textures\menu_thick_border_top_left_corner.dds","Textures",".dds","152","Morrowind.bsa","192","Different"
"Textures\menu_thick_border_top_right_corner.dds","Textures",".dds","152","Morrowind.bsa","192","Different"
"Textures\scroll.dds","Textures",".dds","87536","Morrowind.bsa","87488","Different"
"Textures\tx_a_adamantium_c.dds","Textures",".dds","32896","Tribunal.bsa","43808","Different"
"Textures\tx_a_adamantium_g.dds","Textures",".dds","43832","Tribunal.bsa","43808","Different"
"Textures\tx_a_chitin_c.dds","Textures",".dds","87536","Morrowind.bsa","43808","Different"
"Textures\tx_a_chitin_f_shoe.dds","Textures",".dds","22000","Morrowind.bsa","11040","Different"
"Textures\tx_a_chitin_g.dds","Textures",".dds","43856","Morrowind.bsa","21952","Different"
"Textures\tx_a_chitin_h_facemask.dds","Textures",".dds","5616","Morrowind.bsa","2848","Different"
"Textures\tx_a_chitin_h_helmet.dds","Textures",".dds","22000","Morrowind.bsa","11040","Different"
"Textures\tx_a_chitin_hpalm_.dds","Textures",".dds","22000","Morrowind.bsa","11040","Different"
"Textures\tx_a_chitin_ll_guard.dds","Textures",".dds","22000","Morrowind.bsa","11040","Different"
"Textures\tx_a_chitin_ul_guard.dds","Textures",".dds","22000","Morrowind.bsa","11040","Different"
"Textures\tx_a_chitin_ul_kneeguard.dds","Textures",".dds","22000","Morrowind.bsa","11040","Different"
"Textures\tx_a_chitin_w_guard.dds","Textures",".dds","22000","Morrowind.bsa","11040","Different"
"Textures\TX_A_Glass_bootb.dds","Textures",".dds","174904","Morrowind.bsa","11040","Different"
"Textures\TX_A_Glass_bracer.dds","Textures",".dds","174904","Morrowind.bsa","11040","Different"
"Textures\TX_A_Glass_C_front.dds","Textures",".dds","174904","Morrowind.bsa","11040","Different"
"Textures\TX_A_Glass_C_side.dds","Textures",".dds","174904","Morrowind.bsa","11040","Different"
"Textures\TX_A_Glass_Curiass00.dds","Textures",".dds","699192","Morrowind.bsa","43808","Different"
"Textures\TX_A_Glass_Curiass01.dds","Textures",".dds","699192","Morrowind.bsa","11040","Different"
"Textures\TX_A_Glass_emerald.dds","Textures",".dds","43832","Morrowind.bsa","2848","Different"
"Textures\TX_A_Glass_fa.dds","Textures",".dds","174904","Morrowind.bsa","11040","Different"
"Textures\TX_A_Glass_greaves.dds","Textures",".dds","174904","Morrowind.bsa","11040","Different"
"Textures\TX_A_Glass_H_back.dds","Textures",".dds","174904","Morrowind.bsa","11040","Different"
"Textures\TX_A_Glass_H_sideside.dds","Textures",".dds","174904","Morrowind.bsa","11040","Different"
"Textures\TX_A_Glass_h00.dds","Textures",".dds","174904","Morrowind.bsa","11040","Different"
"Textures\TX_A_Glass_h02.dds","Textures",".dds","699192","Morrowind.bsa","43808","Different"
"Textures\TX_A_Glass_h03.dds","Textures",".dds","699192","Morrowind.bsa","43808","Different"
"Textures\TX_A_Glass_pauldron.dds","Textures",".dds","699192","Morrowind.bsa","43808","Different"
"Textures\TX_A_Glass_shield.dds","Textures",".dds","699192","Morrowind.bsa","43808","Different"
"Textures\TX_A_Glass_towershield.dds","Textures",".dds","349672","Morrowind.bsa","21952","Different"
"Textures\TX_A_Glass_ua_p.dds","Textures",".dds","699192","Morrowind.bsa","11040","Different"
"Textures\TX_A_Glass_ul.dds","Textures",".dds","174904","Morrowind.bsa","11040","Different"
"Textures\tx_a_helseth_boota.dds","Textures",".dds","43832","Tribunal.bsa","43832","Different"
"Textures\tx_a_ironarmor_cuirass_00.dds","Textures",".dds","5568","Morrowind.bsa","43808","Different"
"Textures\tx_a_ironarmor_g.dds","Textures",".dds","5568","Morrowind.bsa","21952","Different"
"Textures\tx_a_newtscale_cuirass.dds","Textures",".dds","43832","Morrowind.bsa","43808","Different"
"Textures\tx_a_nordicfur_greave_g.dds","Textures",".dds","43856","Morrowind.bsa","21952","Different"
"Textures\tx_a_nordicfur_greave00.dds","Textures",".dds","11088","Morrowind.bsa","5568","Different"
"Textures\tx_a_nordicfur_greave01.dds","Textures",".dds","2896","Morrowind.bsa","1472","Different"
"Textures\tx_a_nordicfur_greave02.dds","Textures",".dds","2896","Morrowind.bsa","768","Different"
"Textures\tx_a_nordicfur_skirt.dds","Textures",".dds","43856","Morrowind.bsa","11040","Different"
"Textures\tx_a_orcish_boots00.dds","Textures",".dds","5568","Morrowind.bsa","5568","Different"
"Textures\tx_a_orcish_boots01.dds","Textures",".dds","21952","Morrowind.bsa","5568","Different"
"Textures\tx_a_orcish_boots02.dds","Textures",".dds","1472","Morrowind.bsa","1472","Different"
"Textures\tx_a_orcish_boots03.dds","Textures",".dds","2848","Morrowind.bsa","2848","Different"
"Textures\tx_a_orcish_chestback.dds","Textures",".dds","87536","Morrowind.bsa","43808","Different"
"Textures\tx_a_orcish_chestfront.dds","Textures",".dds","87536","Morrowind.bsa","43808","Different"
"Textures\tx_a_orcish_figure.dds","Textures",".dds","2848","Morrowind.bsa","2848","Different"
"Textures\tx_a_orcish_g.dds","Textures",".dds","21952","Morrowind.bsa","21952","Different"
"Textures\tx_a_orcish_knee.dds","Textures",".dds","2848","Morrowind.bsa","2848","Different"
"Textures\tx_a_orcish_neckpart.dds","Textures",".dds","43832","Morrowind.bsa","43808","Different"
"Textures\tx_a_orcish_pauldron.dds","Textures",".dds","11040","Morrowind.bsa","11040","Different"
"Textures\tx_a_orcish_upperarm.dds","Textures",".dds","43856","Morrowind.bsa","21952","Different"
"Textures\tx_a_orcish_upperleg.dds","Textures",".dds","21952","Morrowind.bsa","21952","Different"
"Textures\tx_a_shape_orcish.dds","Textures",".dds","11040","Morrowind.bsa","11040","Different"
"Textures\tx_a_steel_ankle.dds","Textures",".dds","16512","Morrowind.bsa","21952","Different"
"Textures\tx_a_steel_cuirass01.dds","Textures",".dds","2796344","Morrowind.bsa","43808","Different"
"Textures\tx_a_steel_cuirass02.dds","Textures",".dds","22000","Morrowind.bsa","11040","Different"
"Textures\tx_a_steel_g_greave.dds","Textures",".dds","43856","Morrowind.bsa","21952","Different"
"Textures\tx_a_steel_joint.dds","Textures",".dds","699192","Morrowind.bsa","11040","Different"
"Textures\tx_a_steel_pauldron.dds","Textures",".dds","43856","Morrowind.bsa","21952","Different"
"Textures\tx_a_steel_shoe01.dds","Textures",".dds","11088","Morrowind.bsa","5568","Different"
"Textures\tx_a_steel_ua_mail.dds","Textures",".dds","699192","Morrowind.bsa","11040","Different"
"Textures\tx_a_steel_ua_pauldron.dds","Textures",".dds","43856","Morrowind.bsa","21952","Different"
"Textures\tx_a_steel_ul_greave.dds","Textures",".dds","22000","Morrowind.bsa","11040","Different"
"Textures\tx_a_templar_shirt.dds","Textures",".dds","11040","Morrowind.bsa","11040","Different"
"Textures\tx_a_templar_skirtleather.dds","Textures",".dds","5568","Morrowind.bsa","5568","Different"
"Textures\tx_a_ua_chitin_pauldron.dds","Textures",".dds","22000","Morrowind.bsa","11040","Different"
"Textures\tx_b_n_dark elf_f_h01.dds","Textures",".dds","21992","Morrowind.bsa","21952","Different"
"Textures\tx_b_n_dark elf_f_ll.dds","Textures",".dds","21952","Morrowind.bsa","21952","Identical"
"Textures\tx_b_n_dark elf_m_c.dds","Textures",".dds","43808","Morrowind.bsa","43808","Identical"
"Textures\tx_b_n_dark elf_m_h07.dds","Textures",".dds","21992","Morrowind.bsa","21952","Different"
"Textures\tx_b_n_dark elf_m_ul.dds","Textures",".dds","21952","Morrowind.bsa","21952","Identical"
"Textures\tx_b_n_wood elf_m_c.dds","Textures",".dds","87536","Morrowind.bsa","43808","Different"
"Textures\tx_b_n_wood elf_m_hfinger.dds","Textures",".dds","5616","Morrowind.bsa","2848","Different"
"Textures\tx_b_n_wood elf_m_hpalm.dds","Textures",".dds","5616","Morrowind.bsa","2848","Different"
"Textures\tx_b_n_wood elf_m_hthumb.dds","Textures",".dds","5616","Morrowind.bsa","2848","Different"
"Textures\tx_b_n_wood elf_m_la.dds","Textures",".dds","22000","Morrowind.bsa","11040","Different"
"Textures\tx_b_n_wood elf_m_lf.dds","Textures",".dds","5616","Morrowind.bsa","2848","Different"
"Textures\tx_b_n_wood elf_m_ll.dds","Textures",".dds","21992","Morrowind.bsa","21952","Different"
"Textures\tx_b_n_wood elf_m_n.dds","Textures",".dds","5608","Morrowind.bsa","5568","Different"
"Textures\tx_b_n_wood elf_m_ua.dds","Textures",".dds","21992","Morrowind.bsa","11040","Different"
"Textures\tx_b_n_wood elf_m_uf.dds","Textures",".dds","5616","Morrowind.bsa","2848","Different"
"Textures\tx_b_n_wood elf_m_ul.dds","Textures",".dds","21992","Morrowind.bsa","21952","Different"
"Textures\tx_c_c_shirtcom01.dds","Textures",".dds","32896","Morrowind.bsa","43808","Different"
"Textures\tx_c_pantscom_1_z_a.dds","Textures",".dds","22000","Morrowind.bsa","11040","Different"
"Textures\tx_c_pantscom_1_z_g.dds","Textures",".dds","43856","Morrowind.bsa","21952","Different"
"Textures\tx_c_pantscom_1_z_ul.dds","Textures",".dds","43856","Morrowind.bsa","21952","Different"
"Textures\tx_c_robe_comm3blk_02.dds","Textures",".dds","87536","Bloodmoon.bsa","87536","Different"
"Textures\tx_c_shirtcommon_4_a_c.dds","Textures",".dds","87536","Morrowind.bsa","43808","Different"
"Textures\tx_c_shirtcommon_4_a_la.dds","Textures",".dds","22000","Morrowind.bsa","11040","Different"
"Textures\tx_c_shirtcommon_4_a_ua.dds","Textures",".dds","22000","Morrowind.bsa","11040","Different"
"Textures\tx_c_shirtcommon_4_c_c.dds","Textures",".dds","32896","Morrowind.bsa","43808","Different"
"Textures\tx_c_shirtcommon_4_c_ua.dds","Textures",".dds","22000","Morrowind.bsa","11040","Different"
"Textures\tx_c_templar_beltbuckle.dds","Textures",".dds","2848","Morrowind.bsa","2848","Different"
"Textures\tx_c_ua_shirtcom01.dds","Textures",".dds","8320","Morrowind.bsa","11040","Different"
"Textures\tx_creature_ashslave_00.dds","Textures",".dds","5608","Morrowind.bsa","5568","Different"
"Textures\tx_creature_ashslave_01.dds","Textures",".dds","5608","Morrowind.bsa","5568","Different"
"Textures\tx_creature_ashslave_body.dds","Textures",".dds","43832","Morrowind.bsa","43808","Different"
"Textures\tx_creature_ashslave_h01.dds","Textures",".dds","21992","Morrowind.bsa","21952","Different"
"Textures\tx_creature_ashslave_hair01.dds","Textures",".dds","22000","Morrowind.bsa","11040","Different"
"Textures\tx_creature_ashslave_hand.dds","Textures",".dds","5608","Morrowind.bsa","5568","Different"
"Textures\tx_creature_ashslave_la.dds","Textures",".dds","11064","Morrowind.bsa","11040","Different"
"Textures\tx_creature_ashslave_lf.dds","Textures",".dds","43832","Morrowind.bsa","43808","Different"
"Textures\tx_creature_ashslave_ll.dds","Textures",".dds","21992","Morrowind.bsa","21952","Different"
"Textures\tx_creature_ashslave_n.dds","Textures",".dds","5608","Morrowind.bsa","5568","Different"
"Textures\tx_creature_ashslave_ua.dds","Textures",".dds","11064","Morrowind.bsa","11040","Different"
"Textures\tx_creature_ashslave_ul.dds","Textures",".dds","21992","Morrowind.bsa","21952","Different"
"Textures\tx_creature_bonewalker_03.dds","Textures",".dds","2848","Morrowind.bsa","2848","Identical"
"Textures\tx_creature_bonewalkera_08a.dds","Textures",".dds","21952","Morrowind.bsa","21952","Identical"
"Textures\tx_creature_duskyalit_00.dds","Textures",".dds","8320","Morrowind.bsa","11040","Different"
"Textures\tx_creature_duskyalit_01.dds","Textures",".dds","32896","Morrowind.bsa","43808","Different"
"Textures\tx_creature_duskyalit_02.dds","Textures",".dds","16512","Morrowind.bsa","21952","Different"
"Textures\tx_creature_duskyalit_03.dds","Textures",".dds","16512","Morrowind.bsa","21952","Different"
"Textures\tx_creature_duskyalit_04.dds","Textures",".dds","16512","Morrowind.bsa","21952","Different"
"Textures\tx_creature_duskyalit_05.dds","Textures",".dds","8320","Morrowind.bsa","11040","Different"
"Textures\tx_creature_duskyalit_06.dds","Textures",".dds","8320","Morrowind.bsa","11040","Different"
"Textures\tx_creature_gbonewalker_00.dds","Textures",".dds","699192","Morrowind.bsa","43808","Different"
"Textures\tx_creature_gbonewalker_01.dds","Textures",".dds","699192","Morrowind.bsa","11040","Different"
"Textures\tx_creature_gbonewalker_02.dds","Textures",".dds","11040","Morrowind.bsa","11040","Identical"
"Textures\tx_creature_gbonewalker_03.dds","Textures",".dds","11040","Morrowind.bsa","11040","Identical"
"Textures\tx_creature_gbonewalker_04.dds","Textures",".dds","699192","Morrowind.bsa","5568","Different"
"Textures\tx_creature_gbonewalker_05.dds","Textures",".dds","699192","Morrowind.bsa","11040","Different"
"Textures\tx_creature_gbonewalker_06.dds","Textures",".dds","699192","Morrowind.bsa","5568","Different"
"Textures\tx_creature_gbonewalker_07.dds","Textures",".dds","699192","Morrowind.bsa","21952","Different"
"Textures\tx_creature_gbonewalker_08.dds","Textures",".dds","699192","Morrowind.bsa","5568","Different"
"Textures\tx_creature_gbonewalker_09.dds","Textures",".dds","524416","Morrowind.bsa","5568","Different"
"Textures\tx_creature_gbonewalker_10.dds","Textures",".dds","11040","Morrowind.bsa","11040","Identical"
"Textures\tx_creature_gbonewalker_11.dds","Textures",".dds","524416","Morrowind.bsa","11040","Different"
"Textures\tx_creature_gbonewalker_12.dds","Textures",".dds","87528","Morrowind.bsa","21952","Different"
"Textures\tx_creature_gbonewalker_22.dds","Textures",".dds","524416","Morrowind.bsa","11040","Different"
"Textures\tx_creature_minescrib_04.dds","Textures",".dds","22000","Morrowind.bsa","11040","Different"
"Textures\tx_creature_minescrib_06.dds","Textures",".dds","22000","Morrowind.bsa","11040","Different"
"Textures\tx_creature_minescrib_07.dds","Textures",".dds","22000","Morrowind.bsa","11040","Different"
"Textures\tx_creature_minescrib_08.dds","Textures",".dds","22000","Morrowind.bsa","11040","Different"
"Textures\tx_creature_mudcrab_00a.dds","Textures",".dds","32896","Morrowind.bsa","43808","Different"
"Textures\tx_creature_mudcrab_01.dds","Textures",".dds","11064","Morrowind.bsa","11040","Different"
"Textures\tx_creature_mudcrab_02.dds","Textures",".dds","21992","Morrowind.bsa","21952","Different"
"Textures\tx_creature_mudcrab_03.dds","Textures",".dds","21992","Morrowind.bsa","21952","Different"
"Textures\tx_creature_mudcrab_04.dds","Textures",".dds","21992","Morrowind.bsa","21952","Different"
"Textures\tx_creature_samp_fetch_00.dds","Textures",".dds","43856","Morrowind.bsa","21952","Different"
"Textures\tx_creature_samp_fetch_01.dds","Textures",".dds","43808","Morrowind.bsa","43808","Different"
"Textures\tx_creature_samp_fetch_02.dds","Textures",".dds","11040","Morrowind.bsa","11040","Different"
"Textures\tx_creature_samp_fetch_03.dds","Textures",".dds","11040","Morrowind.bsa","11040","Different"
"Textures\tx_creature_samp_fetch_04.dds","Textures",".dds","5616","Morrowind.bsa","2848","Different"
"Textures\tx_creature_samp_fetch_05.dds","Textures",".dds","5616","Morrowind.bsa","2848","Different"
"Textures\tx_creature_samp_fetch_06.dds","Textures",".dds","5616","Morrowind.bsa","2848","Different"
"Textures\tx_creature_samp_fetch_07.dds","Textures",".dds","11040","Morrowind.bsa","11040","Different"
"Textures\tx_creature_samp_fetch_08.dds","Textures",".dds","5616","Morrowind.bsa","2848","Different"
"Textures\tx_creature_samp_fetch_09.dds","Textures",".dds","5616","Morrowind.bsa","2848","Different"
"Textures\tx_creature_samp_fetch_10.dds","Textures",".dds","11040","Morrowind.bsa","43808","Different"
"Textures\tx_creature_samp_fetch_11.dds","Textures",".dds","5568","Morrowind.bsa","5568","Different"
"Textures\tx_creature_samp_fetch_12.dds","Textures",".dds","5568","Morrowind.bsa","5568","Different"
"Textures\tx_creature_samp_fetch_13.dds","Textures",".dds","5616","Morrowind.bsa","2848","Different"
"Textures\tx_creature_samp_fetch_14.dds","Textures",".dds","5616","Morrowind.bsa","2848","Different"
"Textures\tx_cursor.dds","Textures",".dds","1520","Morrowind.bsa","1472","Different"
"Textures\tx_cursormove.dds","Textures",".dds","824","Morrowind.bsa","1472","Different"
"Textures\tx_fabricant_hulking.dds","Textures",".dds","174904","Tribunal.bsa","174904","Identical"
"Textures\tx_fabricant_robottemp.dds","Textures",".dds","174904","Tribunal.bsa","174904","Identical"
"Textures\tx_frost_giant.dds","Textures",".dds","174904","Bloodmoon.bsa","349680","Different"
"Textures\tx_ghostward_tunic.dds","Textures",".dds","349680","Morrowind.bsa","349632","Different"
"Textures\tx_gl_dirt_grass_02.dds","Textures",".dds","43808","Morrowind.bsa","43808","Identical"
"Textures\tx_gl_grass_07.dds","Textures",".dds","43808","Morrowind.bsa","43808","Identical"
"Textures\tx_guar_back.dds","Textures",".dds","11088","Morrowind.bsa","5568","Different"
"Textures\tx_guar_belly.dds","Textures",".dds","22000","Morrowind.bsa","11040","Different"
"Textures\tx_guar_body.dds","Textures",".dds","524416","Morrowind.bsa","43808","Different"
"Textures\tx_guar_eye.dds","Textures",".dds","5616","Morrowind.bsa","2848","Different"
"Textures\tx_guar_foot.dds","Textures",".dds","22000","Morrowind.bsa","11040","Different"
"Textures\tx_guar_head_test.dds","Textures",".dds","87536","Morrowind.bsa","43808","Different"
"Textures\tx_guar_limb.dds","Textures",".dds","87536","Morrowind.bsa","43808","Different"
"Textures\tx_guar_limb2.dds","Textures",".dds","87536","Morrowind.bsa","43808","Different"
"Textures\tx_guar_limb3.dds","Textures",".dds","87536","Morrowind.bsa","43808","Different"
"Textures\tx_guar_lip.dds","Textures",".dds","2896","Morrowind.bsa","1472","Different"
"Textures\tx_guar_mouth.dds","Textures",".dds","65664","Morrowind.bsa","1472","Different"
"Textures\tx_guar_tail.dds","Textures",".dds","524416","Morrowind.bsa","11040","Different"
"Textures\tx_ice_troll.dds","Textures",".dds","174904","Bloodmoon.bsa","349680","Different"
"Textures\tx_ice_troll02.dds","Textures",".dds","5616","Bloodmoon.bsa","5616","Different"
"Textures\tx_kwama_forager_b01.dds","Textures",".dds","87536","Morrowind.bsa","43808","Different"
"Textures\tx_menubook.dds","Textures",".dds","65664","Morrowind.bsa","131200","Different"
"Textures\tx_menubook_bookmark.dds","Textures",".dds","87536","Morrowind.bsa","65664","Different"
"Textures\tx_menubook_cancel_idle.dds","Textures",".dds","2896","Morrowind.bsa","2176","Different"
"Textures\tx_menubook_cancel_over.dds","Textures",".dds","2896","Bloodmoon.bsa","2176","Different"
"Textures\tx_menubook_cancel_pressed.dds","Textures",".dds","2896","Bloodmoon.bsa","2176","Different"
"Textures\tx_menubook_close_idle.dds","Textures",".dds","2896","Morrowind.bsa","2176","Different"
"Textures\tx_menubook_close_over.dds","Textures",".dds","2896","Morrowind.bsa","2176","Different"
"Textures\tx_menubook_close_pressed.dds","Textures",".dds","2896","Morrowind.bsa","2176","Different"
"Textures\tx_menubook_journal_idle.dds","Textures",".dds","2896","Morrowind.bsa","2176","Different"
"Textures\tx_menubook_journal_over.dds","Textures",".dds","2896","Morrowind.bsa","2176","Different"
"Textures\tx_menubook_journal_pressed.dds","Textures",".dds","2896","Morrowind.bsa","2176","Different"
"Textures\tx_menubook_next_idle.dds","Textures",".dds","1152","Morrowind.bsa","2176","Different"
"Textures\tx_menubook_next_over.dds","Textures",".dds","1152","Morrowind.bsa","2176","Different"
"Textures\tx_menubook_next_pressed.dds","Textures",".dds","1152","Morrowind.bsa","2176","Different"
"Textures\tx_menubook_options_idle.dds","Textures",".dds","2896","Bloodmoon.bsa","2176","Different"
"Textures\tx_menubook_options_over.dds","Textures",".dds","2896","Bloodmoon.bsa","2176","Different"
"Textures\tx_menubook_options_pressed.dds","Textures",".dds","2896","Bloodmoon.bsa","2176","Different"
"Textures\tx_menubook_prev_idle.dds","Textures",".dds","1152","Morrowind.bsa","2176","Different"
"Textures\tx_menubook_prev_over.dds","Textures",".dds","1152","Morrowind.bsa","2176","Different"
"Textures\tx_menubook_prev_pressed.dds","Textures",".dds","1152","Morrowind.bsa","2176","Different"
"Textures\tx_menubook_quests_active_idle.dds","Textures",".dds","5648","Bloodmoon.bsa","4224","Different"
"Textures\tx_menubook_quests_active_over.dds","Textures",".dds","5648","Bloodmoon.bsa","4224","Different"
"Textures\tx_menubook_quests_active_pressed.dds","Textures",".dds","5648","Bloodmoon.bsa","4224","Different"
"Textures\tx_menubook_quests_all_idle.dds","Textures",".dds","5648","Bloodmoon.bsa","4224","Different"
"Textures\tx_menubook_quests_all_over.dds","Textures",".dds","5648","Bloodmoon.bsa","4224","Different"
"Textures\tx_menubook_quests_all_pressed.dds","Textures",".dds","5648","Bloodmoon.bsa","4224","Different"
"Textures\tx_menubook_quests_idle.dds","Textures",".dds","2896","Bloodmoon.bsa","2176","Different"
"Textures\tx_menubook_quests_over.dds","Textures",".dds","2896","Bloodmoon.bsa","2176","Different"
"Textures\tx_menubook_quests_pressed.dds","Textures",".dds","2896","Bloodmoon.bsa","2176","Different"
"Textures\tx_menubook_take_idle.dds","Textures",".dds","2896","Morrowind.bsa","2176","Different"
"Textures\tx_menubook_take_over.dds","Textures",".dds","2896","Morrowind.bsa","2176","Different"
"Textures\tx_menubook_take_pressed.dds","Textures",".dds","2896","Morrowind.bsa","2176","Different"
"Textures\tx_menubook_topics_idle.dds","Textures",".dds","2896","Morrowind.bsa","2176","Different"
"Textures\tx_menubook_topics_over.dds","Textures",".dds","2896","Morrowind.bsa","2176","Different"
"Textures\tx_menubook_topics_pressed.dds","Textures",".dds","2896","Morrowind.bsa","2176","Different"
"Textures\tx_metal_iron_rusty.dds","Textures",".dds","43808","Tribunal.bsa","87536","Different"
"Textures\tx_metal_silver.dds","Textures",".dds","5568","Tribunal.bsa","5568","Identical"
"Textures\tx_nixhound 02.dds","Textures",".dds","43856","Morrowind.bsa","21952","Different"
"Textures\tx_plant_tails00.dds","Textures",".dds","5504","Morrowind.bsa","5504","Identical"
"Textures\tx_raw_glass_01.dds","Textures",".dds","87536","Morrowind.bsa","2848","Different"
"Textures\tx_rock_ebony_01.dds","Textures",".dds","43808","Morrowind.bsa","43808","Different"
"Textures\tx_rock_glass_01.dds","Textures",".dds","1398256","Morrowind.bsa","43808","Different"
"Textures\tx_scroll.dds","Textures",".dds","87536","Morrowind.bsa","43808","Different"
"Textures\tx_sky_cloudy.dds","Textures",".dds","1048704","Morrowind.bsa","1048704","Identical"
"Textures\tx_sludgehound.dds","Textures",".dds","349680","Tribunal.bsa","349680","Different"
