"Master","RecordType","RecordKey","Id","Name"
"Bloodmoon.esm","Cell","cell:|-12|1","",""
"Bloodmoon.esm","Cell","cell:|-12|2","",""
"Bloodmoon.esm","Cell","cell:|-12|3","",""
"Bloodmoon.esm","Cell","cell:|-13|1","",""
"Bloodmoon.esm","Cell","cell:|-13|2","",""
"Bloodmoon.esm","Cell","cell:|-13|3","",""
"Bloodmoon.esm","Cell","cell:|-13|4","",""
"Bloodmoon.esm","Cell","cell:|-14|2","",""
"Bloodmoon.esm","Cell","cell:|-14|4","",""
"Bloodmoon.esm","Cell","cell:|-14|5","",""
"Bloodmoon.esm","Cell","cell:|-15|7","",""
"Bloodmoon.esm","Cell","cell:|-15|-8","",""
"Bloodmoon.esm","Cell","cell:|-16|7","",""
"Bloodmoon.esm","Cell","cell:|-16|8","",""
"Bloodmoon.esm","Cell","cell:|-19|14","",""
"Bloodmoon.esm","Cell","cell:|-19|15","",""
"Bloodmoon.esm","Cell","cell:|-20|15","",""
"Bloodmoon.esm","Cell","cell:|-28|24","",""
"Bloodmoon.esm","Cell","cell:|-29|23","",""
"Bloodmoon.esm","Container","id:Com_Sack_02_Ingred","Com_Sack_02_Ingred","Sack"
"Bloodmoon.esm","Creature","id:BM_bear_brown","BM_bear_brown","Baloo"
"Bloodmoon.esm","Creature","id:BM_ice_troll","BM_ice_troll","Terentatek"
"Bloodmoon.esm","Creature","id:BM_werewolf_default","BM_werewolf_default","Shistavanen"
"Bloodmoon.esm","Creature","id:Rat","Rat","Rat"
"Bloodmoon.esm","Dialogue","id:Attack","Attack",""
"Bloodmoon.esm","Dialogue","id:Dark Brotherhood","Dark Brotherhood",""
"Bloodmoon.esm","Dialogue","id:Greeting 0","Greeting 0",""
"Bloodmoon.esm","Dialogue","id:Greeting 1","Greeting 1",""
"Bloodmoon.esm","Dialogue","id:Greeting 5","Greeting 5",""
"Bloodmoon.esm","Dialogue","id:Hello","Hello",""
"Bloodmoon.esm","Dialogue","id:Hit","Hit",""
"Bloodmoon.esm","Dialogue","id:Idle","Idle",""
"Bloodmoon.esm","Dialogue","id:Orders","Orders",""
"Bloodmoon.esm","Dialogue","id:promotion","promotion",""
"Bloodmoon.esm","Dialogue","id:Services","Services",""
"Bloodmoon.esm","DialogueInfo","id:107793194573956194","107793194573956194",""
"Bloodmoon.esm","DialogueInfo","id:120487697723420458","120487697723420458",""
"Bloodmoon.esm","DialogueInfo","id:1215227585220936854","1215227585220936854",""
"Bloodmoon.esm","DialogueInfo","id:1235330461088413493","1235330461088413493",""
"Bloodmoon.esm","DialogueInfo","id:1527123661112596138","1527123661112596138",""
"Bloodmoon.esm","DialogueInfo","id:19412122383160624641","19412122383160624641",""
"Bloodmoon.esm","DialogueInfo","id:2029227597590113639","2029227597590113639",""
"Bloodmoon.esm","DialogueInfo","id:21291254781734316216","21291254781734316216",""
"Bloodmoon.esm","DialogueInfo","id:213599299468411207","213599299468411207",""
"Bloodmoon.esm","DialogueInfo","id:2207948412408027251","2207948412408027251",""
"Bloodmoon.esm","DialogueInfo","id:2350315055279237208","2350315055279237208",""
"Bloodmoon.esm","DialogueInfo","id:322838711831330428","322838711831330428",""
"Bloodmoon.esm","DialogueInfo","id:32681283711537029546","32681283711537029546",""
"Bloodmoon.esm","DialogueInfo","id:61102101146373666","61102101146373666",""
"Bloodmoon.esm","Door","id:ex_BM_ringdoor","ex_BM_ringdoor","Door"
"Bloodmoon.esm","GameSetting","id:sEffectSummonCreature01","sEffectSummonCreature01",""
"Bloodmoon.esm","GameSetting","id:sEffectSummonCreature03","sEffectSummonCreature03",""
"Bloodmoon.esm","GameSetting","id:sEffectSummonCreature04","sEffectSummonCreature04",""
"Bloodmoon.esm","GameSetting","id:sMagicCreature01ID","sMagicCreature01ID",""
"Bloodmoon.esm","GameSetting","id:sMagicCreature03ID","sMagicCreature03ID",""
"Bloodmoon.esm","GameSetting","id:sMagicCreature04ID","sMagicCreature04ID",""
"Bloodmoon.esm","GameSetting","id:sMaximumSaveGameMessage","sMaximumSaveGameMessage",""
"Bloodmoon.esm","GameSetting","id:sWerewolfPopup","sWerewolfPopup",""
"Bloodmoon.esm","GlobalVariable","id:part","part",""
"Bloodmoon.esm","Ingredient","id:ingred_boar_leather","ingred_boar_leather","Sathog Hide"
"Bloodmoon.esm","LandscapeTexture","id:Tx_BC_rock_03.tga","Tx_BC_rock_03.tga",""
"Bloodmoon.esm","LandscapeTexture","id:Tx_BM_rock_dirt_01.dds","Tx_BM_rock_dirt_01.dds",""
"Bloodmoon.esm","MiscItem","id:BM_bearheart_UNIQUE","BM_bearheart_UNIQUE","Heart of a Sarlaac"
"Bloodmoon.esm","Npc","id:also_he_washes","also_he_washes","Also-He-Washes"
"Bloodmoon.esm","Npc","id:bm_smugglers_darkelf","bm_smugglers_darkelf","Smugler"
"Bloodmoon.esm","Npc","id:bm_smugglers_darkelf_f","bm_smugglers_darkelf_f","Smugler"
"Bloodmoon.esm","Npc","id:bm_smugglers_imperial","bm_smugglers_imperial","Smugler"
"Bloodmoon.esm","Npc","id:bm_smugglers_imperial_f","bm_smugglers_imperial_f","Smugler"
"Bloodmoon.esm","Npc","id:bm_smugglers_redguard","bm_smugglers_redguard","Smugler"
"Bloodmoon.esm","Npc","id:bm_smugglers_redguard_f","bm_smugglers_redguard_f","Smugler"
"Bloodmoon.esm","Npc","id:bm_smugglers_woodelf","bm_smugglers_woodelf","Smugler"
"Bloodmoon.esm","Script","id:dbFixScript","dbFixScript",""
"Bloodmoon.esm","Script","id:RolfScript","RolfScript",""
"Bloodmoon.esm","Script","id:trackerScript","trackerScript",""
"Bloodmoon.esm","Script","id:tracksound1Script","tracksound1Script",""
"Bloodmoon.esm","Script","id:tracksound2Script","tracksound2Script",""
"Bloodmoon.esm","StartScript","id:3053424604304611226","3053424604304611226",""
"Bloodmoon.esm","Weapon","id:BM nord leg","BM nord leg","Leg Prop"
"Morrowind.esm","Birthsign","id:Beggar's Nose","Beggar's Nose","The Tower"
"Morrowind.esm","Birthsign","id:Blessed Touch Sign","Blessed Touch Sign","The Ritual"
"Morrowind.esm","Birthsign","id:Charioteer","Charioteer","The Steed"
"Morrowind.esm","Birthsign","id:Elfborn","Elfborn","The Apprentice"
"Morrowind.esm","Birthsign","id:Fay","Fay","The Mage"
"Morrowind.esm","Birthsign","id:Hara","Hara","The Thief"
"Morrowind.esm","Birthsign","id:Lady's Favor","Lady's Favor","The Lady"
"Morrowind.esm","Birthsign","id:Mooncalf","Mooncalf","The Lover"
"Morrowind.esm","Birthsign","id:Moonshadow Sign","Moonshadow Sign","The Shadow"
"Morrowind.esm","Birthsign","id:Star-Cursed","Star-Cursed","The Serpent"
"Morrowind.esm","Birthsign","id:Trollkin","Trollkin","The Lord"
"Morrowind.esm","Birthsign","id:Warwyrd","Warwyrd","The Warrior"
"Morrowind.esm","Birthsign","id:Wombburned","Wombburned","The Atronach"
"Morrowind.esm","Bodypart","id:a_glass_helmet","a_glass_helmet",""
"Morrowind.esm","Bodypart","id:a_orcish_helmet","a_orcish_helmet",""
"Morrowind.esm","Bodypart","id:b_n_argonian_f_hair01","b_n_argonian_f_hair01",""
"Morrowind.esm","Bodypart","id:b_n_argonian_f_hair02","b_n_argonian_f_hair02",""
"Morrowind.esm","Bodypart","id:b_n_argonian_f_hair03","b_n_argonian_f_hair03",""
"Morrowind.esm","Bodypart","id:b_n_argonian_f_hair04","b_n_argonian_f_hair04",""
"Morrowind.esm","Bodypart","id:b_n_argonian_f_hair05","b_n_argonian_f_hair05",""
"Morrowind.esm","Bodypart","id:b_n_argonian_f_head_01","b_n_argonian_f_head_01",""
"Morrowind.esm","Bodypart","id:b_n_argonian_f_head_02","b_n_argonian_f_head_02",""
"Morrowind.esm","Bodypart","id:b_n_argonian_f_head_03","b_n_argonian_f_head_03",""
"Morrowind.esm","Bodypart","id:b_n_argonian_m_hair01","b_n_argonian_m_hair01",""
"Morrowind.esm","Bodypart","id:b_n_argonian_m_hair02","b_n_argonian_m_hair02",""
"Morrowind.esm","Bodypart","id:b_n_argonian_m_hair03","b_n_argonian_m_hair03",""
"Morrowind.esm","Bodypart","id:b_n_argonian_m_hair04","b_n_argonian_m_hair04",""
"Morrowind.esm","Bodypart","id:b_n_argonian_m_hair05","b_n_argonian_m_hair05",""
"Morrowind.esm","Bodypart","id:b_n_argonian_m_hair06","b_n_argonian_m_hair06",""
"Morrowind.esm","Bodypart","id:b_n_argonian_m_head_01","b_n_argonian_m_head_01",""
"Morrowind.esm","Bodypart","id:b_n_argonian_m_head_02","b_n_argonian_m_head_02",""
"Morrowind.esm","Bodypart","id:b_n_argonian_m_head_03","b_n_argonian_m_head_03",""
"Morrowind.esm","Bodypart","id:b_n_argonian_m_tail","b_n_argonian_m_tail",""
"Morrowind.esm","Bodypart","id:b_n_dark elf_f_hair_01","b_n_dark elf_f_hair_01",""
"Morrowind.esm","Bodypart","id:b_n_dark elf_f_hair_02","b_n_dark elf_f_hair_02",""
"Morrowind.esm","Bodypart","id:b_n_dark elf_f_hair_03","b_n_dark elf_f_hair_03",""
"Morrowind.esm","Bodypart","id:b_n_dark elf_f_hair_04","b_n_dark elf_f_hair_04",""
"Morrowind.esm","Bodypart","id:b_n_dark elf_f_hair_05","b_n_dark elf_f_hair_05",""
"Morrowind.esm","Bodypart","id:b_n_dark elf_f_hair_07","b_n_dark elf_f_hair_07",""
"Morrowind.esm","Bodypart","id:b_n_dark elf_f_hair_11","b_n_dark elf_f_hair_11",""
"Morrowind.esm","Bodypart","id:b_n_dark elf_f_hair_12","b_n_dark elf_f_hair_12",""
"Morrowind.esm","Bodypart","id:b_n_dark elf_f_hair_13","b_n_dark elf_f_hair_13",""
"Morrowind.esm","Bodypart","id:b_n_dark elf_f_hair_14","b_n_dark elf_f_hair_14",""
"Morrowind.esm","Bodypart","id:b_n_dark elf_f_hair_15","b_n_dark elf_f_hair_15",""
"Morrowind.esm","Bodypart","id:b_n_dark elf_f_hair_16","b_n_dark elf_f_hair_16",""
"Morrowind.esm","Bodypart","id:b_n_dark elf_f_hair_17","b_n_dark elf_f_hair_17",""
"Morrowind.esm","Bodypart","id:b_n_dark elf_f_hair_18","b_n_dark elf_f_hair_18",""
"Morrowind.esm","Bodypart","id:b_n_dark elf_f_hair_19","b_n_dark elf_f_hair_19",""
"Morrowind.esm","Bodypart","id:b_n_dark elf_f_hair_20","b_n_dark elf_f_hair_20",""
"Morrowind.esm","Bodypart","id:b_n_dark elf_f_hair_21","b_n_dark elf_f_hair_21",""
"Morrowind.esm","Bodypart","id:b_n_dark elf_f_hair_22","b_n_dark elf_f_hair_22",""
"Morrowind.esm","Bodypart","id:b_n_dark elf_f_hair_23","b_n_dark elf_f_hair_23",""
"Morrowind.esm","Bodypart","id:b_n_dark elf_f_hair_24","b_n_dark elf_f_hair_24",""
"Morrowind.esm","Bodypart","id:b_n_dark elf_f_head_01","b_n_dark elf_f_head_01",""
"Morrowind.esm","Bodypart","id:b_n_dark elf_f_head_02","b_n_dark elf_f_head_02",""
"Morrowind.esm","Bodypart","id:b_n_dark elf_f_head_03","b_n_dark elf_f_head_03",""
"Morrowind.esm","Bodypart","id:b_n_dark elf_f_head_04","b_n_dark elf_f_head_04",""
"Morrowind.esm","Bodypart","id:b_n_dark elf_f_head_05","b_n_dark elf_f_head_05",""
"Morrowind.esm","Bodypart","id:b_n_dark elf_f_head_06","b_n_dark elf_f_head_06",""
"Morrowind.esm","Bodypart","id:b_n_dark elf_f_head_07","b_n_dark elf_f_head_07",""
"Morrowind.esm","Bodypart","id:b_n_dark elf_f_head_08","b_n_dark elf_f_head_08",""
"Morrowind.esm","Bodypart","id:b_n_dark elf_f_head_09","b_n_dark elf_f_head_09",""
"Morrowind.esm","Bodypart","id:b_n_dark elf_f_head_10","b_n_dark elf_f_head_10",""
"Morrowind.esm","Bodypart","id:b_n_dark elf_m_hair_01","b_n_dark elf_m_hair_01",""
"Morrowind.esm","Bodypart","id:b_n_dark elf_m_hair_02","b_n_dark elf_m_hair_02",""
"Morrowind.esm","Bodypart","id:b_n_dark elf_m_hair_03","b_n_dark elf_m_hair_03",""
"Morrowind.esm","Bodypart","id:b_n_dark elf_m_hair_04","b_n_dark elf_m_hair_04",""
"Morrowind.esm","Bodypart","id:b_n_dark elf_m_hair_05","b_n_dark elf_m_hair_05",""
"Morrowind.esm","Bodypart","id:b_n_dark elf_m_hair_06","b_n_dark elf_m_hair_06",""
"Morrowind.esm","Bodypart","id:b_n_dark elf_m_hair_10","b_n_dark elf_m_hair_10",""
"Morrowind.esm","Bodypart","id:b_n_dark elf_m_hair_11","b_n_dark elf_m_hair_11",""
"Morrowind.esm","Bodypart","id:b_n_dark elf_m_hair_12","b_n_dark elf_m_hair_12",""
"Morrowind.esm","Bodypart","id:b_n_dark elf_m_hair_13","b_n_dark elf_m_hair_13",""
"Morrowind.esm","Bodypart","id:b_n_dark elf_m_hair_14","b_n_dark elf_m_hair_14",""
"Morrowind.esm","Bodypart","id:b_n_dark elf_m_hair_15","b_n_dark elf_m_hair_15",""
"Morrowind.esm","Bodypart","id:b_n_dark elf_m_hair_16","b_n_dark elf_m_hair_16",""
"Morrowind.esm","Bodypart","id:b_n_dark elf_m_hair_17","b_n_dark elf_m_hair_17",""
"Morrowind.esm","Bodypart","id:b_n_dark elf_m_hair_18","b_n_dark elf_m_hair_18",""
"Morrowind.esm","Bodypart","id:b_n_dark elf_m_hair_19","b_n_dark elf_m_hair_19",""
"Morrowind.esm","Bodypart","id:b_n_dark elf_m_hair_21","b_n_dark elf_m_hair_21",""
"Morrowind.esm","Bodypart","id:b_n_dark elf_m_hair_22","b_n_dark elf_m_hair_22",""
"Morrowind.esm","Bodypart","id:b_n_dark elf_m_hair_23","b_n_dark elf_m_hair_23",""
"Morrowind.esm","Bodypart","id:b_n_dark elf_m_hair_24","b_n_dark elf_m_hair_24",""
"Morrowind.esm","Bodypart","id:b_n_dark elf_m_hair_25","b_n_dark elf_m_hair_25",""
"Morrowind.esm","Bodypart","id:b_n_dark elf_m_hair_26","b_n_dark elf_m_hair_26",""
"Morrowind.esm","Bodypart","id:b_n_dark elf_m_head_01","b_n_dark elf_m_head_01",""
"Morrowind.esm","Bodypart","id:b_n_dark elf_m_head_02","b_n_dark elf_m_head_02",""
"Morrowind.esm","Bodypart","id:b_n_dark elf_m_head_03","b_n_dark elf_m_head_03",""
"Morrowind.esm","Bodypart","id:b_n_dark elf_m_head_04","b_n_dark elf_m_head_04",""
"Morrowind.esm","Bodypart","id:b_n_dark elf_m_head_05","b_n_dark elf_m_head_05",""
"Morrowind.esm","Bodypart","id:b_n_dark elf_m_head_06","b_n_dark elf_m_head_06",""
"Morrowind.esm","Bodypart","id:b_n_dark elf_m_head_07","b_n_dark elf_m_head_07",""
"Morrowind.esm","Bodypart","id:b_n_dark elf_m_head_08","b_n_dark elf_m_head_08",""
"Morrowind.esm","Bodypart","id:b_n_dark elf_m_head_09","b_n_dark elf_m_head_09",""
"Morrowind.esm","Bodypart","id:b_n_dark elf_m_head_10","b_n_dark elf_m_head_10",""
"Morrowind.esm","Bodypart","id:b_n_dark elf_m_head_11","b_n_dark elf_m_head_11",""
"Morrowind.esm","Bodypart","id:b_n_dark elf_m_head_12","b_n_dark elf_m_head_12",""
"Morrowind.esm","Bodypart","id:b_n_dark elf_m_head_13","b_n_dark elf_m_head_13",""
"Morrowind.esm","Bodypart","id:b_n_dark elf_m_head_14","b_n_dark elf_m_head_14",""
"Morrowind.esm","Bodypart","id:b_n_dark elf_m_head_15","b_n_dark elf_m_head_15",""
"Morrowind.esm","Bodypart","id:b_n_dark elf_m_head_16","b_n_dark elf_m_head_16",""
"Morrowind.esm","Bodypart","id:B_N_Dark Elf_M_Head_17","B_N_Dark Elf_M_Head_17",""
"Morrowind.esm","Bodypart","id:b_n_high elf_f_hair_01","b_n_high elf_f_hair_01",""
"Morrowind.esm","Bodypart","id:b_n_high elf_f_hair_02","b_n_high elf_f_hair_02",""
"Morrowind.esm","Bodypart","id:b_n_high elf_f_hair_03","b_n_high elf_f_hair_03",""
"Morrowind.esm","Bodypart","id:b_n_high elf_f_hair_04","b_n_high elf_f_hair_04",""
"Morrowind.esm","Bodypart","id:b_n_high elf_f_head_01","b_n_high elf_f_head_01",""
"Morrowind.esm","Bodypart","id:b_n_high elf_f_head_02","b_n_high elf_f_head_02",""
"Morrowind.esm","Bodypart","id:b_n_high elf_f_head_03","b_n_high elf_f_head_03",""
"Morrowind.esm","Bodypart","id:b_n_high elf_f_head_04","b_n_high elf_f_head_04",""
"Morrowind.esm","Bodypart","id:b_n_high elf_f_head_05","b_n_high elf_f_head_05",""
"Morrowind.esm","Bodypart","id:B_N_High Elf_F_Head_06","B_N_High Elf_F_Head_06",""
"Morrowind.esm","Bodypart","id:b_n_high elf_m_hair_01","b_n_high elf_m_hair_01",""
"Morrowind.esm","Bodypart","id:b_n_high elf_m_hair_02","b_n_high elf_m_hair_02",""
"Morrowind.esm","Bodypart","id:b_n_high elf_m_hair_03","b_n_high elf_m_hair_03",""
"Morrowind.esm","Bodypart","id:b_n_high elf_m_hair_04","b_n_high elf_m_hair_04",""
"Morrowind.esm","Bodypart","id:b_n_high elf_m_hair_05","b_n_high elf_m_hair_05",""
"Morrowind.esm","Bodypart","id:b_n_high elf_m_head_01","b_n_high elf_m_head_01",""
"Morrowind.esm","Bodypart","id:b_n_high elf_m_head_02","b_n_high elf_m_head_02",""
"Morrowind.esm","Bodypart","id:b_n_high elf_m_head_03","b_n_high elf_m_head_03",""
"Morrowind.esm","Bodypart","id:b_n_high elf_m_head_04","b_n_high elf_m_head_04",""
"Morrowind.esm","Bodypart","id:b_n_high elf_m_head_05","b_n_high elf_m_head_05",""
"Morrowind.esm","Bodypart","id:B_N_High Elf_M_Head_06","B_N_High Elf_M_Head_06",""
"Morrowind.esm","Bodypart","id:b_n_khajiit_f_head_01","b_n_khajiit_f_head_01",""
"Morrowind.esm","Bodypart","id:b_n_khajiit_f_head_02","b_n_khajiit_f_head_02",""
"Morrowind.esm","Bodypart","id:b_n_khajiit_f_head_03","b_n_khajiit_f_head_03",""
"Morrowind.esm","Bodypart","id:B_N_Khajiit_F_Head_04","B_N_Khajiit_F_Head_04",""
"Morrowind.esm","Bodypart","id:b_n_khajiit_m_head_01","b_n_khajiit_m_head_01",""
"Morrowind.esm","Bodypart","id:b_n_khajiit_m_head_02","b_n_khajiit_m_head_02",""
"Morrowind.esm","Bodypart","id:b_n_khajiit_m_head_03","b_n_khajiit_m_head_03",""
"Morrowind.esm","Bodypart","id:B_N_Khajiit_M_Head_04","B_N_Khajiit_M_Head_04",""
"Morrowind.esm","Bodypart","id:b_n_orc_f_hair01","b_n_orc_f_hair01",""
"Morrowind.esm","Bodypart","id:b_n_orc_f_hair02","b_n_orc_f_hair02",""
"Morrowind.esm","Bodypart","id:b_n_orc_f_hair03","b_n_orc_f_hair03",""
"Morrowind.esm","Bodypart","id:b_n_orc_f_hair04","b_n_orc_f_hair04",""
"Morrowind.esm","Bodypart","id:b_n_orc_f_hair05","b_n_orc_f_hair05",""
"Morrowind.esm","Bodypart","id:b_n_orc_f_head_01","b_n_orc_f_head_01",""
"Morrowind.esm","Bodypart","id:b_n_orc_f_head_02","b_n_orc_f_head_02",""
"Morrowind.esm","Bodypart","id:b_n_orc_f_head_03","b_n_orc_f_head_03",""
"Morrowind.esm","Bodypart","id:b_n_orc_m_hair_01","b_n_orc_m_hair_01",""
"Morrowind.esm","Bodypart","id:b_n_orc_m_hair_02","b_n_orc_m_hair_02",""
"Morrowind.esm","Bodypart","id:b_n_orc_m_hair_03","b_n_orc_m_hair_03",""
"Morrowind.esm","Bodypart","id:b_n_orc_m_hair_04","b_n_orc_m_hair_04",""
"Morrowind.esm","Bodypart","id:b_n_orc_m_hair_05","b_n_orc_m_hair_05",""
"Morrowind.esm","Bodypart","id:b_n_orc_m_head_01","b_n_orc_m_head_01",""
"Morrowind.esm","Bodypart","id:b_n_orc_m_head_02","b_n_orc_m_head_02",""
"Morrowind.esm","Bodypart","id:b_n_orc_m_head_03","b_n_orc_m_head_03",""
"Morrowind.esm","Bodypart","id:B_N_Orc_M_Head_04","B_N_Orc_M_Head_04",""
"Morrowind.esm","Bodypart","id:b_n_wood elf_f_ankle","b_n_wood elf_f_ankle",""
"Morrowind.esm","Bodypart","id:b_n_wood elf_f_chest","b_n_wood elf_f_chest",""
"Morrowind.esm","Bodypart","id:b_n_wood elf_f_foot","b_n_wood elf_f_foot",""
"Morrowind.esm","Bodypart","id:b_n_wood elf_f_forearm","b_n_wood elf_f_forearm",""
"Morrowind.esm","Bodypart","id:B_N_Wood Elf_F_Groin","B_N_Wood Elf_F_Groin",""
"Morrowind.esm","Bodypart","id:b_n_wood elf_f_hair_01","b_n_wood elf_f_hair_01",""
"Morrowind.esm","Bodypart","id:b_n_wood elf_f_hair_02","b_n_wood elf_f_hair_02",""
"Morrowind.esm","Bodypart","id:b_n_wood elf_f_hair_03","b_n_wood elf_f_hair_03",""
"Morrowind.esm","Bodypart","id:b_n_wood elf_f_hands","b_n_wood elf_f_hands",""
"Morrowind.esm","Bodypart","id:b_n_wood elf_f_hands.1st","b_n_wood elf_f_hands.1st",""
"Morrowind.esm","Bodypart","id:b_n_wood elf_f_head_01","b_n_wood elf_f_head_01",""
"Morrowind.esm","Bodypart","id:b_n_wood elf_f_head_02","b_n_wood elf_f_head_02",""
"Morrowind.esm","Bodypart","id:b_n_wood elf_f_head_03","b_n_wood elf_f_head_03",""
"Morrowind.esm","Bodypart","id:b_n_wood elf_f_head_04","b_n_wood elf_f_head_04",""
"Morrowind.esm","Bodypart","id:b_n_wood elf_f_head_05","b_n_wood elf_f_head_05",""
"Morrowind.esm","Bodypart","id:B_N_Wood Elf_F_Head_06","B_N_Wood Elf_F_Head_06",""
"Morrowind.esm","Bodypart","id:b_n_wood elf_f_knee","b_n_wood elf_f_knee",""
"Morrowind.esm","Bodypart","id:b_n_wood elf_f_neck","b_n_wood elf_f_neck",""
"Morrowind.esm","Bodypart","id:b_n_wood elf_f_upper arm","b_n_wood elf_f_upper arm",""
"Morrowind.esm","Bodypart","id:b_n_wood elf_f_upper leg","b_n_wood elf_f_upper leg",""
"Morrowind.esm","Bodypart","id:b_n_wood elf_f_wrist","b_n_wood elf_f_wrist",""
"Morrowind.esm","Bodypart","id:b_n_wood elf_m_ankle","b_n_wood elf_m_ankle",""
"Morrowind.esm","Bodypart","id:b_n_wood elf_m_chest","b_n_wood elf_m_chest",""
"Morrowind.esm","Bodypart","id:b_n_wood elf_m_foot","b_n_wood elf_m_foot",""
"Morrowind.esm","Bodypart","id:b_n_wood elf_m_forearm","b_n_wood elf_m_forearm",""
"Morrowind.esm","Bodypart","id:b_n_wood elf_m_groin","b_n_wood elf_m_groin",""
"Morrowind.esm","Bodypart","id:b_n_wood elf_m_hair_01","b_n_wood elf_m_hair_01",""
"Morrowind.esm","Bodypart","id:b_n_wood elf_m_hair_02","b_n_wood elf_m_hair_02",""
"Morrowind.esm","Bodypart","id:b_n_wood elf_m_hair_03","b_n_wood elf_m_hair_03",""
"Morrowind.esm","Bodypart","id:b_n_wood elf_m_hair_04","b_n_wood elf_m_hair_04",""
"Morrowind.esm","Bodypart","id:b_n_wood elf_m_hair_05","b_n_wood elf_m_hair_05",""
"Morrowind.esm","Bodypart","id:b_n_wood elf_m_hair_06","b_n_wood elf_m_hair_06",""
"Morrowind.esm","Bodypart","id:b_n_wood elf_m_hands","b_n_wood elf_m_hands",""
"Morrowind.esm","Bodypart","id:b_n_wood elf_m_hands.1st","b_n_wood elf_m_hands.1st",""
"Morrowind.esm","Bodypart","id:b_n_wood elf_m_head_01","b_n_wood elf_m_head_01",""
"Morrowind.esm","Bodypart","id:b_n_wood elf_m_head_02","b_n_wood elf_m_head_02",""
"Morrowind.esm","Bodypart","id:b_n_wood elf_m_head_03","b_n_wood elf_m_head_03",""
"Morrowind.esm","Bodypart","id:b_n_wood elf_m_head_04","b_n_wood elf_m_head_04",""
"Morrowind.esm","Bodypart","id:b_n_wood elf_m_head_05","b_n_wood elf_m_head_05",""
"Morrowind.esm","Bodypart","id:B_N_Wood Elf_M_Head_06","B_N_Wood Elf_M_Head_06",""
"Morrowind.esm","Bodypart","id:B_N_Wood Elf_M_Head_07","B_N_Wood Elf_M_Head_07",""
"Morrowind.esm","Bodypart","id:B_N_Wood Elf_M_Head_08","B_N_Wood Elf_M_Head_08",""
"Morrowind.esm","Bodypart","id:b_n_wood elf_m_knee","b_n_wood elf_m_knee",""
"Morrowind.esm","Bodypart","id:b_n_wood elf_m_neck","b_n_wood elf_m_neck",""
"Morrowind.esm","Bodypart","id:b_n_wood elf_m_upper arm","b_n_wood elf_m_upper arm",""
"Morrowind.esm","Bodypart","id:b_n_wood elf_m_upper leg","b_n_wood elf_m_upper leg",""
"Morrowind.esm","Bodypart","id:b_n_wood elf_m_wrist","b_n_wood elf_m_wrist",""
"Morrowind.esm","Book","id:bk_falljournal_unique","bk_falljournal_unique","Journal of Tarhiel"
"Morrowind.esm","Cell","cell:|0|3","",""
"Morrowind.esm","Cell","cell:|-3|-10","",""
"Morrowind.esm","Cell","cell:Balmora, Drarayne Thelas' Storage|2893347|1061158912","","Balmora, Drarayne Thelas' Storage"
"Morrowind.esm","Cell","cell:Balmora|-3|-2","","Balmora"
"Morrowind.esm","Cell","cell:Balmora|-4|-2","","Balmora"
"Morrowind.esm","Cell","cell:Falensarano, Propylon Chamber|2828574|1065353216","","Falensarano, Propylon Chamber"
"Morrowind.esm","Cell","cell:Gnisis, Arvs-Drelen|2104593|1065353216","","Gnisis, Arvs-Drelen"
"Morrowind.esm","Cell","cell:Gnisis, Madach Tradehouse|1054768|1061158912","","Gnisis, Madach Tradehouse"
"Morrowind.esm","Cell","cell:Kogoruhn, Hall of Maki|658010|1065353216","","Kogoruhn, Hall of Maki"
"Morrowind.esm","Cell","cell:Kogoruhn, Vault of Aerode|658010|1065353216","","Kogoruhn, Vault of Aerode"
"Morrowind.esm","Cell","cell:Moonmoth Legion Fort, Prison Towers|1123396|1061158912","","Moonmoth Legion Fort, Prison Towers"
"Morrowind.esm","Cell","cell:Moonmoth Legion Fort|-1|-3","","Moonmoth Legion Fort"
"Morrowind.esm","Cell","cell:Nerano Ancestral Tomb|663080|1065353216","","Nerano Ancestral Tomb"
"Morrowind.esm","Cell","cell:Pelagiad, South Wall|2238786|1061158912","","Pelagiad, South Wall"
"Morrowind.esm","Cell","cell:Surirulk|3618342|1065353216","","Surirulk"
"Morrowind.esm","Cell","cell:Vivec, Temple|3|-13","","Vivec, Temple"
"Morrowind.esm","Cell","cell:Vivec, Temple|3|-14","","Vivec, Temple"
"Morrowind.esm","Cell","cell:Yakin|1841169|1065353216","","Yakin"
"Morrowind.esm","Class","id:Acrobat","Acrobat","Acrobat"
"Morrowind.esm","Class","id:Agent","Agent","Agent"
"Morrowind.esm","Class","id:Archer","Archer","Archer"
"Morrowind.esm","Class","id:Assassin","Assassin","Assassin"
"Morrowind.esm","Class","id:Barbarian","Barbarian","Barbarian"
"Morrowind.esm","Class","id:Bard","Bard","Bard"
"Morrowind.esm","Class","id:Battlemage","Battlemage","Battlemage"
"Morrowind.esm","Class","id:Crusader","Crusader","Crusader"
"Morrowind.esm","Class","id:Healer","Healer","Healer"
"Morrowind.esm","Class","id:Knight","Knight","Knight"
"Morrowind.esm","Class","id:Mage","Mage","Mage"
"Morrowind.esm","Class","id:Monk","Monk","Monk"
"Morrowind.esm","Class","id:Nightblade","Nightblade","Nightblade"
"Morrowind.esm","Class","id:Pilgrim","Pilgrim","Pilgrim"
"Morrowind.esm","Class","id:Rogue","Rogue","Rogue"
"Morrowind.esm","Class","id:Scout","Scout","Scout"
"Morrowind.esm","Class","id:Smuggler","Smuggler","Smuggler"
"Morrowind.esm","Class","id:Sorcerer","Sorcerer","Force Sensitive"
"Morrowind.esm","Class","id:Spellsword","Spellsword","Spellsword"
"Morrowind.esm","Class","id:Thief","Thief","Thief"
"Morrowind.esm","Class","id:Warrior","Warrior","Warrior"
"Morrowind.esm","Class","id:Witchhunter","Witchhunter","Witchhunter"
"Morrowind.esm","Clothing","id:common_shirt_04_a","common_shirt_04_a","Technician's Shirt"
"Morrowind.esm","Clothing","id:extravagant_glove_left_maur","extravagant_glove_left_maur","Black Left Glove"
"Morrowind.esm","Clothing","id:extravagant_glove_right_maur","extravagant_glove_right_maur","Black Right Glove"
"Morrowind.esm","Container","id:contain_corpse_Indie","contain_corpse_Indie","Corpse of an adventurer"
"Morrowind.esm","Container","id:de_r_chest_01_ord1","de_r_chest_01_ord1","Chest"
"Morrowind.esm","Container","id:test_crate_all_armor","test_crate_all_armor","Large Chest of armor"
"Morrowind.esm","Creature","id:atronach_storm","atronach_storm","Force Golem"
"Morrowind.esm","Creature","id:atronach_storm_az","atronach_storm_az","Mr. Arrow"
"Morrowind.esm","Creature","id:clannfear","clannfear","Clannfear"
"Morrowind.esm","Creature","id:dreugh","dreugh","Dreugh"
"Morrowind.esm","Creature","id:guar","guar","Wraid"
"Morrowind.esm","Creature","id:kagouti","kagouti","Sandtusker"
"Morrowind.esm","Creature","id:nix-hound","nix-hound","Tuk'ata"
"Morrowind.esm","Creature","id:ogrim","ogrim","Ogrim"
"Morrowind.esm","Creature","id:scrib blighted","scrib blighted","Blighted Scrib"
"Morrowind.esm","Creature","id:vivec_god","vivec_god","Vivec"
"Morrowind.esm","Dialogue","id:1000-drake pledge","1000-drake pledge",""
"Morrowind.esm","Dialogue","id:Ashlander challenges","Ashlander challenges",""
"Morrowind.esm","Dialogue","id:Ashlander customs","Ashlander customs",""
"Morrowind.esm","Dialogue","id:Greeting 6","Greeting 6",""
"Morrowind.esm","Dialogue","id:help me","help me",""
"Morrowind.esm","Dialogue","id:law","law",""
"Morrowind.esm","Dialogue","id:proof","proof",""
"Morrowind.esm","Dialogue","id:rules","rules",""
"Morrowind.esm","Dialogue","id:work","work",""
"Morrowind.esm","DialogueInfo","id:10368155265827327","10368155265827327",""
"Morrowind.esm","DialogueInfo","id:1059133091076617229","1059133091076617229",""
"Morrowind.esm","DialogueInfo","id:119015479195691077","119015479195691077",""
"Morrowind.esm","DialogueInfo","id:1198056851330829621","1198056851330829621",""
"Morrowind.esm","DialogueInfo","id:12797263282071010453","12797263282071010453",""
"Morrowind.esm","DialogueInfo","id:15827205672489310505","15827205672489310505",""
"Morrowind.esm","DialogueInfo","id:1619018371671630615","1619018371671630615",""
"Morrowind.esm","DialogueInfo","id:16757622321703213","16757622321703213",""
"Morrowind.esm","DialogueInfo","id:1680152062205718079","1680152062205718079",""
"Morrowind.esm","DialogueInfo","id:1760931893141128949","1760931893141128949",""
"Morrowind.esm","DialogueInfo","id:1764488981313229729","1764488981313229729",""
"Morrowind.esm","DialogueInfo","id:17905262503039229735","17905262503039229735",""
"Morrowind.esm","DialogueInfo","id:1830622272888628280","1830622272888628280",""
"Morrowind.esm","DialogueInfo","id:18325247802902726113","18325247802902726113",""
"Morrowind.esm","DialogueInfo","id:210147641289913738","210147641289913738",""
"Morrowind.esm","DialogueInfo","id:216151629987998390","216151629987998390",""
"Morrowind.esm","DialogueInfo","id:22857293732517231304","22857293732517231304",""
"Morrowind.esm","DialogueInfo","id:2295431209699117314","2295431209699117314",""
"Morrowind.esm","DialogueInfo","id:230333022306682423","230333022306682423",""
"Morrowind.esm","DialogueInfo","id:2522813989161458961","2522813989161458961",""
"Morrowind.esm","DialogueInfo","id:26256743169515609","26256743169515609",""
"Morrowind.esm","DialogueInfo","id:3073727345798427030","3073727345798427030",""
"Morrowind.esm","DialogueInfo","id:31262260993138022234","31262260993138022234",""
"Morrowind.esm","DialogueInfo","id:31545203571203032565","31545203571203032565",""
"Morrowind.esm","DialogueInfo","id:32611217892862814236","32611217892862814236",""
"Morrowind.esm","DialogueInfo","id:3921147271407415216","3921147271407415216",""
"Morrowind.esm","DialogueInfo","id:41952429629181328","41952429629181328",""
"Morrowind.esm","DialogueInfo","id:47554637406118853","47554637406118853",""
"Morrowind.esm","DialogueInfo","id:495518295322716947","495518295322716947",""
"Morrowind.esm","DialogueInfo","id:5312956867899607","5312956867899607",""
"Morrowind.esm","DialogueInfo","id:5335322465444076","5335322465444076",""
"Morrowind.esm","DialogueInfo","id:62652024743128147","62652024743128147",""
"Morrowind.esm","DialogueInfo","id:64737234190539000","64737234190539000",""
"Morrowind.esm","DialogueInfo","id:808356682230720772","808356682230720772",""
"Morrowind.esm","DialogueInfo","id:8125110461110130183","8125110461110130183",""
"Morrowind.esm","DialogueInfo","id:8891108291020417774","8891108291020417774",""
"Morrowind.esm","Door","id:in_t_door_small","in_t_door_small","Golden Door"
"Morrowind.esm","Enchanting","id:bound dagger_effect_en","bound dagger_effect_en",""
"Morrowind.esm","Faction","id:Blades","Blades","Blades"
"Morrowind.esm","Faction","id:Camonna Tong","Camonna Tong","Camonna Tong"
"Morrowind.esm","Faction","id:Imperial Cult","Imperial Cult","Imperial Cult"
"Morrowind.esm","Faction","id:Imperial Knights","Imperial Knights","Imperial Knights"
"Morrowind.esm","Faction","id:Imperial Legion","Imperial Legion","Czerka Corporation"
"Morrowind.esm","Faction","id:Talos Cult","Talos Cult","Talos Cult"
"Morrowind.esm","Faction","id:Telvanni","Telvanni","Great House Telvanni"
"Morrowind.esm","GameSetting","id:fTravelMult","fTravelMult",""
"Morrowind.esm","GameSetting","id:iCrimeAttack","iCrimeAttack",""
"Morrowind.esm","GameSetting","id:sBirthsignmenu2","sBirthsignmenu2",""
"Morrowind.esm","GameSetting","id:sBribe 10 Gold","sBribe 10 Gold",""
"Morrowind.esm","GameSetting","id:sBribe 100 Gold","sBribe 100 Gold",""
"Morrowind.esm","GameSetting","id:sBribe 1000 Gold","sBribe 1000 Gold",""
"Morrowind.esm","GameSetting","id:sClassChoiceMenu1","sClassChoiceMenu1",""
"Morrowind.esm","GameSetting","id:sClassChoiceMenu2","sClassChoiceMenu2",""
"Morrowind.esm","GameSetting","id:sClassChoiceMenu3","sClassChoiceMenu3",""
"Morrowind.esm","GameSetting","id:sDeleteSpellError","sDeleteSpellError",""
"Morrowind.esm","GameSetting","id:sEffectBoundLongsword","sEffectBoundLongsword",""
"Morrowind.esm","GameSetting","id:sEffectFrostDamage","sEffectFrostDamage",""
"Morrowind.esm","GameSetting","id:sEffectFrostShield","sEffectFrostShield",""
"Morrowind.esm","GameSetting","id:sEffectResistFrost","sEffectResistFrost",""
"Morrowind.esm","GameSetting","id:sEffectSoultrap","sEffectSoultrap",""
"Morrowind.esm","GameSetting","id:sEffectSummonDremora","sEffectSummonDremora",""
"Morrowind.esm","GameSetting","id:sEffectSummonScamp","sEffectSummonScamp",""
"Morrowind.esm","GameSetting","id:sEffectSummonStormAtronach","sEffectSummonStormAtronach",""
"Morrowind.esm","GameSetting","id:sEffectSunDamage","sEffectSunDamage",""
"Morrowind.esm","GameSetting","id:sEffectWeaknessToFrost","sEffectWeaknessToFrost",""
"Morrowind.esm","GameSetting","id:sEnchanting","sEnchanting",""
"Morrowind.esm","GameSetting","id:sEnchantItems","sEnchantItems",""
"Morrowind.esm","GameSetting","id:sEnchantmentHelp1","sEnchantmentHelp1",""
"Morrowind.esm","GameSetting","id:sEnchantmentHelp2","sEnchantmentHelp2",""
"Morrowind.esm","GameSetting","id:sEnchantmentHelp3","sEnchantmentHelp3",""
"Morrowind.esm","GameSetting","id:sEnchantmentHelp4","sEnchantmentHelp4",""
"Morrowind.esm","GameSetting","id:sEnchantmentHelp5","sEnchantmentHelp5",""
"Morrowind.esm","GameSetting","id:sEnchantmentHelp6","sEnchantmentHelp6",""
"Morrowind.esm","GameSetting","id:sEnchantmentMenu1","sEnchantmentMenu1",""
"Morrowind.esm","GameSetting","id:sEnchantmentMenu12","sEnchantmentMenu12",""
"Morrowind.esm","GameSetting","id:sEnchantmentMenu2","sEnchantmentMenu2",""
"Morrowind.esm","GameSetting","id:sEnchantmentMenu3","sEnchantmentMenu3",""
"Morrowind.esm","GameSetting","id:sEnchantmentMenu7","sEnchantmentMenu7",""
"Morrowind.esm","GameSetting","id:sGold","sGold",""
"Morrowind.esm","GameSetting","id:sIntDesc","sIntDesc",""
"Morrowind.esm","GameSetting","id:sInventorySelectNoSoul","sInventorySelectNoSoul",""
"Morrowind.esm","GameSetting","id:sJournal","sJournal",""
"Morrowind.esm","GameSetting","id:sJournalEntry","sJournalEntry",""
"Morrowind.esm","GameSetting","id:sLevelUpMsg","sLevelUpMsg",""
"Morrowind.esm","GameSetting","id:sLockFail","sLockFail",""
"Morrowind.esm","GameSetting","id:sLockImpossible","sLockImpossible",""
"Morrowind.esm","GameSetting","id:sLockSuccess","sLockSuccess",""
"Morrowind.esm","GameSetting","id:sMagDesc","sMagDesc",""
"Morrowind.esm","GameSetting","id:sMagic","sMagic",""
"Morrowind.esm","GameSetting","id:sMagicCannotRecast","sMagicCannotRecast",""
"Morrowind.esm","GameSetting","id:sMagicDremoraID","sMagicDremoraID",""
"Morrowind.esm","GameSetting","id:sMagicEffects","sMagicEffects",""
"Morrowind.esm","GameSetting","id:sMagicInsufficientSP","sMagicInsufficientSP",""
"Morrowind.esm","GameSetting","id:sMagicInvalidTarget","sMagicInvalidTarget",""
"Morrowind.esm","GameSetting","id:sMagicLockSuccess","sMagicLockSuccess",""
"Morrowind.esm","GameSetting","id:sMagicMenu","sMagicMenu",""
"Morrowind.esm","GameSetting","id:sMagicOpenSuccess","sMagicOpenSuccess",""
"Morrowind.esm","GameSetting","id:sMagicPCResisted","sMagicPCResisted",""
"Morrowind.esm","GameSetting","id:sMagicScampID","sMagicScampID",""
"Morrowind.esm","GameSetting","id:sMagicSkillFail","sMagicSkillFail",""
"Morrowind.esm","GameSetting","id:sMagicTab","sMagicTab",""
"Morrowind.esm","GameSetting","id:sMagicTargetResisted","sMagicTargetResisted",""
"Morrowind.esm","GameSetting","id:sMake Enchantment","sMake Enchantment",""
"Morrowind.esm","GameSetting","id:sMessage2","sMessage2",""
"Morrowind.esm","GameSetting","id:sNotifyMessage11","sNotifyMessage11",""
"Morrowind.esm","GameSetting","id:sNotifyMessage12","sNotifyMessage12",""
"Morrowind.esm","GameSetting","id:sNotifyMessage18","sNotifyMessage18",""
"Morrowind.esm","GameSetting","id:sNotifyMessage29","sNotifyMessage29",""
"Morrowind.esm","GameSetting","id:sNotifyMessage31","sNotifyMessage31",""
"Morrowind.esm","GameSetting","id:sNotifyMessage32","sNotifyMessage32",""
"Morrowind.esm","GameSetting","id:sNotifyMessage33","sNotifyMessage33",""
"Morrowind.esm","GameSetting","id:sNotifyMessage34","sNotifyMessage34",""
"Morrowind.esm","GameSetting","id:sNotifyMessage52","sNotifyMessage52",""
"Morrowind.esm","GameSetting","id:sPotionSuccess","sPotionSuccess",""
"Morrowind.esm","GameSetting","id:sReady_Magic","sReady_Magic",""
"Morrowind.esm","GameSetting","id:sSellerGold","sSellerGold",""
"Morrowind.esm","GameSetting","id:sServiceSpellsTitle","sServiceSpellsTitle",""
"Morrowind.esm","GameSetting","id:sSkillAlchemy","sSkillAlchemy",""
"Morrowind.esm","GameSetting","id:sSkillAlteration","sSkillAlteration",""
"Morrowind.esm","GameSetting","id:sSkillArmorer","sSkillArmorer",""
"Morrowind.esm","GameSetting","id:sSkillBluntweapon","sSkillBluntweapon",""
"Morrowind.esm","GameSetting","id:sSkillConjuration","sSkillConjuration",""
"Morrowind.esm","GameSetting","id:sSkillDestruction","sSkillDestruction",""
"Morrowind.esm","GameSetting","id:sSkillEnchant","sSkillEnchant",""
"Morrowind.esm","GameSetting","id:sSkillIllusion","sSkillIllusion",""
"Morrowind.esm","GameSetting","id:sSkillMarksman","sSkillMarksman",""
"Morrowind.esm","GameSetting","id:sSkillMysticism","sSkillMysticism",""
"Morrowind.esm","GameSetting","id:sSkillRestoration","sSkillRestoration",""
"Morrowind.esm","GameSetting","id:sSkillsMenuReputationHelp","sSkillsMenuReputationHelp",""
"Morrowind.esm","GameSetting","id:sSkillSpear","sSkillSpear",""
"Morrowind.esm","GameSetting","id:sSoulGem","sSoulGem",""
"Morrowind.esm","GameSetting","id:sSoulGemsWithSouls","sSoulGemsWithSouls",""
"Morrowind.esm","GameSetting","id:sSoultrapSuccess","sSoultrapSuccess",""
"Morrowind.esm","GameSetting","id:sSpecializationMagic","sSpecializationMagic",""
"Morrowind.esm","GameSetting","id:sSpellmakingHelp1","sSpellmakingHelp1",""
"Morrowind.esm","GameSetting","id:sSpellmakingHelp2","sSpellmakingHelp2",""
"Morrowind.esm","GameSetting","id:sSpellmakingHelp4","sSpellmakingHelp4",""
"Morrowind.esm","GameSetting","id:sSpellmakingMenu1","sSpellmakingMenu1",""
"Morrowind.esm","GameSetting","id:sWilDesc","sWilDesc",""
"Morrowind.esm","GameSetting","id:sYourGold","sYourGold",""
"Morrowind.esm","GlobalVariable","id:Year","Year",""
"Morrowind.esm","Ingredient","id:ingred_raw_ebony_01","ingred_raw_ebony_01","Raw Terenthium"
"Morrowind.esm","Landscape","land:-3|-10","",""
"Morrowind.esm","LandscapeTexture","id:Tx_BC_mud.tga","Tx_BC_mud.tga",""
"Morrowind.esm","LandscapeTexture","id:Tx_BC_rockyscrub.tga","Tx_BC_rockyscrub.tga",""
"Morrowind.esm","LandscapeTexture","id:Tx_BC_undergrowth.tga","Tx_BC_undergrowth.tga",""
"Morrowind.esm","Light","id:big blue light","big blue light",""
"Morrowind.esm","Light","id:big blue light_2","big blue light_2",""
"Morrowind.esm","Light","id:blue light","blue light",""
"Morrowind.esm","Light","id:green light","green light",""
"Morrowind.esm","Light","id:green light_128","green light_128",""
"Morrowind.esm","Light","id:green_1000_01","green_1000_01",""
"Morrowind.esm","Light","id:light_dwrv_neon01","light_dwrv_neon01",""
"Morrowind.esm","Light","id:orange light","orange light",""
"Morrowind.esm","Light","id:orange_768_01","orange_768_01",""
"Morrowind.esm","Light","id:white_128_01","white_128_01",""
"Morrowind.esm","Light","id:white_512_01","white_512_01",""
"Morrowind.esm","Light","id:yellow_1024_01","yellow_1024_01",""
"Morrowind.esm","MiscItem","id:Gold_001","Gold_001","Credits"
"Morrowind.esm","MiscItem","id:Gold_005","Gold_005","Credits"
"Morrowind.esm","MiscItem","id:Gold_010","Gold_010","Credits"
"Morrowind.esm","MiscItem","id:Gold_025","Gold_025","Credits"
"Morrowind.esm","MiscItem","id:Gold_100","Gold_100","Credits"
"Morrowind.esm","MiscItem","id:misc_dwrv_artifact20","misc_dwrv_artifact20","Ancient Ship Plans"
"Morrowind.esm","MiscItem","id:misc_goblet_dagoth","misc_goblet_dagoth","Ancient Sith Sacrificial Cup"
"Morrowind.esm","MiscItem","id:Misc_SoulGem_Azura","Misc_SoulGem_Azura","Snowflake of Hoth"
"Morrowind.esm","MiscItem","id:Misc_SoulGem_Common","Misc_SoulGem_Common","Common Modification"
"Morrowind.esm","MiscItem","id:Misc_SoulGem_Grand","Misc_SoulGem_Grand","Black Market Modification"
"Morrowind.esm","Npc","id:a smuggler boss","a smuggler boss","Smugler Boss"
"Morrowind.esm","Npc","id:adaishah ahanidiran","adaishah ahanidiran","Adaishah Ahanidiran"
"Morrowind.esm","Npc","id:adding","adding","Adding"
"Morrowind.esm","Npc","id:agronian guy","agronian guy","Tarhiel"
"Morrowind.esm","Npc","id:alvela saram","alvela saram","Alvela Saram"
"Morrowind.esm","Npc","id:andalin hardil","andalin hardil","Andalin Hardil"
"Morrowind.esm","Npc","id:aroa nethalen","aroa nethalen","Aroa Nethalen"
"Morrowind.esm","Npc","id:berel sala","berel sala","Berel Sala"
"Morrowind.esm","Npc","id:brelo athelvis","brelo athelvis","Brelo Athelvis"
"Morrowind.esm","Npc","id:chargen name","chargen name","Jiub"
"Morrowind.esm","Npc","id:dead imp male_01","dead imp male_01","Dead Body"
"Morrowind.esm","Npc","id:duldrar saren","duldrar saren","Duldrar Saren"
"Morrowind.esm","Npc","id:elam andas","elam andas","Elam Andas"
"Morrowind.esm","Npc","id:ervas aradil","ervas aradil","Ervas Aradil"
"Morrowind.esm","Npc","id:fadren dalis","fadren dalis","Fadren Dalis"
"Morrowind.esm","Npc","id:favas nilem","favas nilem","Favas Nilem"
"Morrowind.esm","Npc","id:felmena falavel","felmena falavel","Felmena Falavel"
"Morrowind.esm","Npc","id:feril salmyn","feril salmyn","Feril Salmyn's Corpse"
"Morrowind.esm","Npc","id:ferone veran","ferone veran","Ferone Veran"
"Morrowind.esm","Npc","id:grand inquisitor","grand inquisitor","Grand Inquisitor"
"Morrowind.esm","Npc","id:hasell","hasell","Hasell"
"Morrowind.esm","Npc","id:hlaalu guard_outside","hlaalu guard_outside","Hlaalu Guard"
"Morrowind.esm","Npc","id:ilet tistar","ilet tistar","Ilet Tistar"
"Morrowind.esm","Npc","id:marayn dren","marayn dren","Marayn Dren"
"Morrowind.esm","Npc","id:melvure rindu","melvure rindu","Melvure Rindu"
"Morrowind.esm","Npc","id:miara viake","miara viake","Miara Viake"
"Morrowind.esm","Npc","id:monthadan","monthadan","Monthadan"
"Morrowind.esm","Npc","id:nalmila thelas","nalmila thelas","Nalmila Thelas"
"Morrowind.esm","Npc","id:nalosi alari","nalosi alari","Nalosi Alari"
"Morrowind.esm","Npc","id:nedeni tenim","nedeni tenim","Nedeni Tenim"
"Morrowind.esm","Npc","id:nervana verelas","nervana verelas","Nervana Verelas"
"Morrowind.esm","Npc","id:ordinator stationary","ordinator stationary","Ordinator"
"Morrowind.esm","Npc","id:ordinator wander","ordinator wander","Ordinator"
"Morrowind.esm","Npc","id:ordinator wander_hp","ordinator wander_hp","Ordinator"
"Morrowind.esm","Npc","id:ordinator wander_ilpe_1","ordinator wander_ilpe_1","Ordinator"
"Morrowind.esm","Npc","id:ordinator wander_ilpe_2","ordinator wander_ilpe_2","Ordinator"
"Morrowind.esm","Npc","id:ordinator_bal_ur","ordinator_bal_ur","Ordinator Guard"
"Morrowind.esm","Npc","id:ordinator_high fane","ordinator_high fane","Ordinator"
"Morrowind.esm","Npc","id:ordinator_wander_hvault","ordinator_wander_hvault","Ordinator"
"Morrowind.esm","Npc","id:ordinator_wander_tvault","ordinator_wander_tvault","Ordinator"
"Morrowind.esm","Npc","id:radene hlaalu","radene hlaalu","Radene Hlaalu"
"Morrowind.esm","Npc","id:ralyn othravel","ralyn othravel","Ralyn Othravel"
"Morrowind.esm","Npc","id:selman relas","selman relas","Selman Relas"
"Morrowind.esm","Npc","id:selmen relas","selmen relas","Selmen Relas"
"Morrowind.esm","Npc","id:seras gavos","seras gavos","Seras Gavos"
"Morrowind.esm","Npc","id:shuzug gro-bug","shuzug gro-bug","Shuzug gro-Bug"
"Morrowind.esm","Npc","id:suryn athones","suryn athones","Suryn Athones"
"Morrowind.esm","Npc","id:tamira vian","tamira vian","Tamira Vian"
"Morrowind.esm","Npc","id:tarer braryn","tarer braryn","Tarer Braryn"
"Morrowind.esm","Npc","id:trevyn fedos","trevyn fedos","Trevyn Fedos"
"Morrowind.esm","Npc","id:Ursine","Ursine","Ursine"
"Morrowind.esm","Race","id:Argonian","Argonian","Gungan"
"Morrowind.esm","Race","id:Breton","Breton","Tarisian"
"Morrowind.esm","Race","id:Dark Elf","Dark Elf","Duros"
"Morrowind.esm","Race","id:High Elf","High Elf","Twi'lek"
"Morrowind.esm","Race","id:Imperial","Imperial","Coruscanti"
"Morrowind.esm","Race","id:Khajiit","Khajiit","Cathar"
"Morrowind.esm","Race","id:Nord","Nord","Mandalorian"
"Morrowind.esm","Race","id:Orc","Orc","Rodian"
"Morrowind.esm","Race","id:Redguard","Redguard","Lothalite"
"Morrowind.esm","Race","id:Wood Elf","Wood Elf","Droid"
"Morrowind.esm","Script","id:Bed_Standard","Bed_Standard",""
"Morrowind.esm","Script","id:CharGen","CharGen",""
"Morrowind.esm","Script","id:CharGenNameNPC","CharGenNameNPC",""
"Morrowind.esm","Script","id:Sound_Power_light","Sound_Power_light",""
"Morrowind.esm","Sound","id:ash slave moan","ash slave moan",""
"Morrowind.esm","Sound","id:ash slave roar","ash slave roar",""
"Morrowind.esm","Sound","id:ash slave scream","ash slave scream",""
"Morrowind.esm","Sound","id:kwama forager slither","kwama forager slither",""
"Morrowind.esm","Sound","id:Power Light","Power Light",""
"Morrowind.esm","Sound","id:SwishL","SwishL",""
"Morrowind.esm","Sound","id:SwishM","SwishM",""
"Morrowind.esm","Sound","id:SwishS","SwishS",""
"Morrowind.esm","Spell","id:almsivi intervention","almsivi intervention","Call Drop Ship"
"Morrowind.esm","Spell","id:argonian breathing","argonian breathing","Water Breathing"
"Morrowind.esm","Spell","id:bound dagger","bound dagger","Shock Stick"
"Morrowind.esm","Spell","id:brown rot","brown rot","Rakghoul Disease"
"Morrowind.esm","Spell","id:chameleon","chameleon","Force Blend"
"Morrowind.esm","Spell","id:charioteer ability","charioteer ability","Star Traveler"
"Morrowind.esm","Spell","id:collywobbles","collywobbles","Parasites"
"Morrowind.esm","Spell","id:command creature","command creature","Command Creature"
"Morrowind.esm","Spell","id:detect_creature","detect_creature","Force Sense"
"Morrowind.esm","Spell","id:elfborn ability","elfborn ability","Force-Born"
"Morrowind.esm","Spell","id:fay ability","fay ability","Chosen One"
"Morrowind.esm","Spell","id:fire bite","fire bite","Fire Bite"
"Morrowind.esm","Spell","id:hearth heal","hearth heal","Force Regeneration"
"Morrowind.esm","Spell","id:sanctuary","sanctuary","Sanctuary"
"Morrowind.esm","Spell","id:shield","shield","Force Shield"
"Morrowind.esm","Spell","id:soul trap","soul trap","Study"
"Morrowind.esm","Spell","id:summon ancestral ghost","summon ancestral ghost","Summon Ancestral Ghost"
"Morrowind.esm","Spell","id:summon storm atronach","summon storm atronach","Summon Force Golem"
"Morrowind.esm","Spell","id:water walking","water walking","Water Walking"
"Morrowind.esm","Static","id:ex_redoran_building_01","ex_redoran_building_01",""
"Morrowind.esm","Static","id:ex_redoran_building_03","ex_redoran_building_03",""
"Morrowind.esm","Static","id:Furn_De_R_Bookshelf_02","Furn_De_R_Bookshelf_02",""
"Morrowind.esm","Static","id:furn_de_r_chair_03","furn_de_r_chair_03",""
"Morrowind.esm","Static","id:in_strong_corr1_00","in_strong_corr1_00",""
"Morrowind.esm","Static","id:in_strong_doorjam00","in_strong_doorjam00",""
"Morrowind.esm","Static","id:in_stronghold_corr2_06","in_stronghold_corr2_06",""
"Morrowind.esm","Static","id:in_stronghold_corr3_01","in_stronghold_corr3_01",""
"Morrowind.esm","Static","id:in_stronghold_hall00","in_stronghold_hall00",""
"Morrowind.esm","Static","id:in_stronghold_hall01","in_stronghold_hall01",""
"Morrowind.esm","Static","id:in_stronghold_hall02","in_stronghold_hall02",""
"Morrowind.esm","Static","id:in_stronghold_hall04","in_stronghold_hall04",""
"Morrowind.esm","Weapon","id:bound_dagger","bound_dagger","Shock Stick"
"Morrowind.esm","Weapon","id:bound_longsword","bound_longsword","Schwartz Saber"
"Morrowind.esm","Weapon","id:fork_horripilation_unique","fork_horripilation_unique","Fork of Horripilation"
"Morrowind.esm","Weapon","id:glass staff","glass staff","Zabrak Trapped within a Staff"
"Tribunal.esm","Cell","cell:Mournhold, Great Bazaar|0|0","","Mournhold, Great Bazaar"
"Tribunal.esm","Cell","cell:Mournhold, Plaza Brindisi Dorom|0|0","","Mournhold, Plaza Brindisi Dorom"
"Tribunal.esm","Cell","cell:Mournhold, Royal Palace: Basement|3223332|1056964608","","Mournhold, Royal Palace: Basement"
"Tribunal.esm","Cell","cell:Mournhold, Royal Palace: Helseth's Chambers|3223332|1056964608","","Mournhold, Royal Palace: Helseth's Chambers"
"Tribunal.esm","Cell","cell:Seyda Neen|-2|-10","","Seyda Neen"
"Tribunal.esm","Cell","cell:Seyda Neen|-2|-9","","Seyda Neen"
"Tribunal.esm","Cell","cell:Vivec, Temple|4|-14","","Vivec, Temple"
"Tribunal.esm","Creature","id:atronach_storm_summon","atronach_storm_summon","Force Golem"
"Tribunal.esm","Creature","id:centurion_sphere","centurion_sphere","Yargrum's Guard"
"Tribunal.esm","Creature","id:centurion_sphere_summon","centurion_sphere_summon","Yargrum's Guard"
"Tribunal.esm","Creature","id:centurion_spider","centurion_spider","Ancient Droid"
"Tribunal.esm","Creature","id:fabricant_verminous","fabricant_verminous","Sand Demon"
"Tribunal.esm","Creature","id:scrib","scrib","Scrib"
"Tribunal.esm","Creature","id:skeleton_summon","skeleton_summon","Skeleton"
"Tribunal.esm","Dialogue","id:available for hire","available for hire",""
"Tribunal.esm","Dialogue","id:Background","Background",""
"Tribunal.esm","Dialogue","id:change the plan","change the plan",""
"Tribunal.esm","Dialogue","id:craftsmen","craftsmen",""
"Tribunal.esm","Dialogue","id:fight my champion","fight my champion",""
"Tribunal.esm","Dialogue","id:Greeting 7","Greeting 7",""
"Tribunal.esm","Dialogue","id:guard","guard",""
"Tribunal.esm","Dialogue","id:heavy loads","heavy loads",""
"Tribunal.esm","Dialogue","id:keep me healthy","keep me healthy",""
"Tribunal.esm","Dialogue","id:Merc_Calvus","Merc_Calvus",""
"Tribunal.esm","Dialogue","id:profit","profit",""
"Tribunal.esm","Dialogue","id:Some work","Some work",""
"Tribunal.esm","Dialogue","id:women","women",""
"Tribunal.esm","DialogueInfo","id:1067310155136635979","1067310155136635979",""
"Tribunal.esm","DialogueInfo","id:110562582019886957","110562582019886957",""
"Tribunal.esm","DialogueInfo","id:1288227500790714973","1288227500790714973",""
"Tribunal.esm","DialogueInfo","id:1352870573219920531","1352870573219920531",""
"Tribunal.esm","DialogueInfo","id:158271087574563866","158271087574563866",""
"Tribunal.esm","DialogueInfo","id:16462055017136588","16462055017136588",""
"Tribunal.esm","DialogueInfo","id:16668203601192731398","16668203601192731398",""
"Tribunal.esm","DialogueInfo","id:183220155172256086","183220155172256086",""
"Tribunal.esm","DialogueInfo","id:1843584361655129470","1843584361655129470",""
"Tribunal.esm","DialogueInfo","id:18464145472347432644","18464145472347432644",""
"Tribunal.esm","DialogueInfo","id:18816175232185819299","18816175232185819299",""
"Tribunal.esm","DialogueInfo","id:189664694291527342","189664694291527342",""
"Tribunal.esm","DialogueInfo","id:19191290671947220251","19191290671947220251",""
"Tribunal.esm","DialogueInfo","id:192701535310983235","192701535310983235",""
"Tribunal.esm","DialogueInfo","id:196287825728868","196287825728868",""
"Tribunal.esm","DialogueInfo","id:196804487824232374","196804487824232374",""
"Tribunal.esm","DialogueInfo","id:2032313422113616643","2032313422113616643",""
"Tribunal.esm","DialogueInfo","id:2084150232529111250","2084150232529111250",""
"Tribunal.esm","DialogueInfo","id:22110144442459225358","22110144442459225358",""
"Tribunal.esm","DialogueInfo","id:22848295812283422042","22848295812283422042",""
"Tribunal.esm","DialogueInfo","id:2298480873050719102","2298480873050719102",""
"Tribunal.esm","DialogueInfo","id:24093917276228210","24093917276228210",""
"Tribunal.esm","DialogueInfo","id:25770154614365306","25770154614365306",""
"Tribunal.esm","DialogueInfo","id:26842177092586711290","26842177092586711290",""
"Tribunal.esm","DialogueInfo","id:28453202671042816107","28453202671042816107",""
"Tribunal.esm","DialogueInfo","id:2871318565588612105","2871318565588612105",""
"Tribunal.esm","DialogueInfo","id:291042261518712192","291042261518712192",""
"Tribunal.esm","DialogueInfo","id:307215541968130416","307215541968130416",""
"Tribunal.esm","DialogueInfo","id:3167635102034421974","3167635102034421974",""
"Tribunal.esm","DialogueInfo","id:321254531168523746","321254531168523746",""
"Tribunal.esm","DialogueInfo","id:3221696071812632454","3221696071812632454",""
"Tribunal.esm","DialogueInfo","id:3832139402051823602","3832139402051823602",""
"Tribunal.esm","DialogueInfo","id:5642177972930817100","5642177972930817100",""
"Tribunal.esm","DialogueInfo","id:65927892190922886","65927892190922886",""
"Tribunal.esm","DialogueInfo","id:787419786402628286","787419786402628286",""
"Tribunal.esm","DialogueInfo","id:823412209491413526","823412209491413526",""
"Tribunal.esm","DialogueInfo","id:9697308142613316392","9697308142613316392",""
"Tribunal.esm","Door","id:In_MH_door_02_bar1_uni","In_MH_door_02_bar1_uni","Wooden Door"
"Tribunal.esm","Door","id:In_MH_door_02_bar2_uni","In_MH_door_02_bar2_uni","Wooden Door"
"Tribunal.esm","Door","id:In_MH_door_02_bar4_uni","In_MH_door_02_bar4_uni","Wooden Door"
"Tribunal.esm","MiscItem","id:Misc_SoulGem_Greater","Misc_SoulGem_Greater","Rare Modification"
"Tribunal.esm","Npc","id:Calvus Horatius","Calvus Horatius","Rhin Ayari"
"Tribunal.esm","Script","id:db_assassinScript","db_assassinScript",""
"Tribunal.esm","Script","id:dbattackScript","dbattackScript",""
"Tribunal.esm","Script","id:dbattackScriptOLD","dbattackScriptOLD",""
"Tribunal.esm","Script","id:dbcontractScript","dbcontractScript",""
"Tribunal.esm","Script","id:dbdartScript","dbdartScript",""
"Tribunal.esm","Script","id:dbHideoutScript","dbHideoutScript",""
"Tribunal.esm","Script","id:projectileMine","projectileMine",""
"Tribunal.esm","Spell","id:prox_mine_fire","prox_mine_fire","Proximity Mine Fire"
"Tribunal.esm","Spell","id:prox_mine_frost","prox_mine_frost","Proximity Mine Frost"
"Tribunal.esm","Spell","id:prox_mine_life","prox_mine_life","Proximity Mine Life"
"Tribunal.esm","Spell","id:prox_mine_poison","prox_mine_poison","Proximity Mine Poison"
"Tribunal.esm","Spell","id:prox_mine_shock","prox_mine_shock","Proximity Mine Shock"
"Tribunal.esm","StartScript","id:13890312922079811704","13890312922079811704",""
"Tribunal.esm","StartScript","id:2463520003161225181","2463520003161225181",""
"Tribunal.esm","StartScript","id:67322826825112137","67322826825112137",""
